name,position,team,price,GW1,GW2,GW3,GW4,GW5,GW6,GW7,GW8,GW9,GW10,GW11,GW12,GW13,GW14,GW15,GW16,GW17,GW18,GW19,GW20,GW21,GW22,GW23,GW24,GW25,GW26,GW27,GW28,GW29,GW30,GW31,GW32,GW33,GW34,GW35,GW36,GW37,GW38
Fábio Ferreira Vieira,Midfielder,Arsenal,5.4,0,0,0,0,0,0,0,0,0,0,0,0,0,0,0,0,0,0,0,0,0,0,0,0,0,0,0,0,0,0,0,0,0,0,0,0,0,0
Gabriel Fernando de Jesus,Forward,Arsenal,6.5,0,0,0,1,0,1,1,1,0,1,1,1,1,0,1,1,16,2,12,2,0,0,0,0,0,0,0,0,0,0,0,0,0,0,0,0,0,0
Gabriel dos Santos Magalhães,Defender,Arsenal,6.1,6,6,2,15,7,1,2,1,1,2,2,6,9,0,0,9,4,6,2,2,1,1,7,2,6,2,7,2,5,1,0,0,0,0,0,0,0,0
Kai Havertz,Forward,Arsenal,7.7,12,2,8,2,2,6,8,2,2,1,1,0,6,2,5,2,6,7,0,0,1,7,2,12,0,0,0,0,0,0,0,0,0,0,0,0,0,1
Karl Hein,Goalkeeper,Arsenal,4.0,0,0,0,0,0,0,0,0,0,0,0,0,0,0,0,0,0,0,0,0,0,0,0,0,0,0,0,0,0,0,0,0,0,0,0,0,0,0
Jurriën Timber,Defender,Arsenal,5.5,1,6,1,5,2,4,0,0,2,1,2,6,1,14,2,6,1,9,1,0,2,1,5,1,6,2,6,5,9,7,1,1,4,0,0,0,0,0
Jorge Luiz Frello Filho,Midfielder,Arsenal,4.6,0,0,0,2,0,0,2,0,0,0,0,0,2,1,2,1,0,0,1,2,0,0,0,0,0,0,3,0,0,0,1,2,0,0,0,0,1,0
Jakub Kiwior,Defender,Arsenal,4.9,0,0,0,0,1,0,1,0,1,0,0,1,1,6,2,0,0,0,0,0,0,0,0,0,0,0,0,0,0,2,2,2,7,0,1,1,7,2
Gabriel Martinelli Silva,Midfielder,Arsenal,6.5,3,3,1,3,5,13,6,1,2,2,8,0,0,3,0,3,7,3,9,1,1,7,3,5,0,0,0,1,3,5,1,2,2,0,2,7,3,2
Ethan Nwaneri,Midfielder,Arsenal,4.3,0,0,0,1,0,1,0,1,1,1,0,6,1,0,1,1,1,0,2,6,0,0,1,6,9,2,3,1,1,6,1,3,1,0,1,0,0,2
Martin Ødegaard,Midfielder,Arsenal,8.2,3,2,2,0,0,0,0,0,0,0,7,6,8,3,2,3,2,3,2,1,8,2,0,6,3,2,3,3,5,2,1,0,5,0,8,5,6,7
David Raya Martin,Goalkeeper,Arsenal,5.6,8,10,2,9,4,1,2,1,0,3,2,6,2,6,2,6,3,6,2,3,2,1,9,3,7,2,6,3,6,2,2,2,1,0,1,2,7,2
Declan Rice,Midfielder,Arsenal,6.3,3,2,-2,0,1,2,2,2,5,2,2,0,2,7,2,3,11,3,1,4,2,2,3,10,3,1,3,10,3,1,2,5,1,0,9,0,11,2
Bukayo Saka,Midfielder,Arsenal,10.4,12,6,6,7,4,3,16,0,9,2,2,13,18,3,2,3,1,0,0,0,0,0,0,0,0,0,0,0,0,8,1,1,1,0,2,2,3,1
William Saliba,Defender,Arsenal,6.4,6,6,2,5,1,0,2,-3,0,2,2,7,1,15,9,6,2,7,2,2,2,0,9,2,6,2,8,2,9,2,2,2,1,0,1,1,1,0
Thomas Partey,Midfielder,Arsenal,4.9,3,11,1,3,1,2,2,2,2,2,2,8,0,6,2,1,5,1,5,2,2,2,3,8,3,1,1,2,2,2,0,10,2,0,2,2,3,2
Kieran Tierney,Defender,Arsenal,4.3,0,0,0,0,0,0,0,0,0,0,0,0,0,0,0,0,0,0,0,0,1,0,1,0,1,0,1,1,1,0,1,6,1,0,0,1,1,10
Tomiyasu Takehiro,Defender,Arsenal,4.8,0,0,0,0,0,0,1,0,0,0,0,0,0,0,0,0,0,0,0,0,0,0,0,0,0,0,0,0,0,0,0,0,0,0,0,0,0,0
Leandro Trossard,Midfielder,Arsenal,6.7,1,7,1,3,-2,12,1,3,2,2,1,3,12,1,1,1,3,6,1,2,9,10,3,2,6,2,3,1,3,1,9,2,8,0,2,7,3,4
Benjamin White,Defender,Arsenal,6.2,6,6,2,6,1,0,0,0,4,1,1,0,0,0,0,0,0,0,0,0,0,0,0,0,0,1,1,0,0,0,2,0,0,0,1,1,6,5
Oleksandr Zinchenko,Defender,Arsenal,4.8,6,0,1,0,0,0,0,0,0,1,0,1,1,5,0,0,0,0,1,0,1,0,0,0,0,1,1,0,0,0,0,6,0,0,1,1,0,2
Norberto Murara Neto,Goalkeeper,Arsenal,4.1,4,3,0,0,0,0,0,0,0,0,0,0,0,0,0,0,0,0,0,0,0,0,0,0,0,0,0,0,0,0,0,0,0,0,0,0,0,0
Raheem Sterling,Midfielder,Arsenal,6.7,0,0,0,1,0,1,1,1,0,0,0,4,1,0,0,0,0,0,0,0,2,0,0,1,3,1,1,0,0,0,4,0,1,0,1,0,0,2
Riccardo Calafiori,Defender,Arsenal,5.8,0,1,1,0,9,0,2,1,0,0,0,6,0,0,0,0,4,0,1,1,0,0,7,1,1,1,0,1,0,0,0,0,0,0,0,1,1,0
Myles Lewis-Skelly,Midfielder,Arsenal,4.5,0,0,0,0,0,0,0,0,1,0,0,0,0,0,0,3,1,3,1,0,1,2,-2,7,3,-2,0,1,3,2,2,1,2,0,2,1,3,1
Mikel Merino,Midfielder,Arsenal,6.0,0,0,0,0,0,0,1,2,8,1,1,3,0,1,1,3,1,1,8,4,1,2,0,1,13,2,3,2,9,10,2,1,0,0,1,4,0,2
Salah-Eddine Oulad M'hand,Midfielder,Arsenal,4.5,0,0,0,0,0,0,0,0,0,0,0,0,0,0,0,0,0,0,0,0,0,0,0,0,0,0,0,0,0,0,0,0,0,0,0,0,0,0
Tommy Setford,Goalkeeper,Arsenal,4.5,0,0,0,0,0,0,0,0,0,0,0,0,0,0,0,0,0,0,0,0,0,0,0,0,0,0,0,0,0,0,0,0,0,0,0,0,0,0
Maldini Kacurri,Defender,Arsenal,4.0,0,0,0,0,0,0,0,0,0,0,0,0,0,0,0,0,0,0,0,0,0,0,0,0,0,0,0,0,0,0,0,0,0,0,0,0,0,0
Ismeal Kabia,Midfielder,Arsenal,4.5,0,0,0,0,0,0,0,0,0,0,0,0,0,0,0,0,0,0,0,0,0,0,0,0,0,0,0,0,0,0,0,0,0,0,0,0,0,0
Josh Nichols,Defender,Arsenal,4.0,0,0,0,0,0,0,0,0,0,0,0,0,0,0,0,0,0,0,0,0,0,0,0,0,0,0,0,0,0,0,0,0,0,0,0,0,0,0
Nathan Butler-Oyedeji,Forward,Arsenal,4.5,0,0,0,0,0,0,0,0,0,0,0,0,0,0,0,0,0,0,0,0,0,0,0,0,0,0,0,0,0,0,0,0,0,0,0,0,0,0
Mikel Arteta,Manager,Arsenal,1.5,0,0,0,0,0,0,0,0,0,0,0,0,0,0,0,0,0,0,0,0,0,0,9,11,10,0,5,4,9,8,4,4,5,0,1,5,9,8
Jack Porter,Goalkeeper,Arsenal,4.0,0,0,0,0,0,0,0,0,0,0,0,0,0,0,0,0,0,0,0,0,0,0,0,0,0,0,0,0,0,0,0,0,0,0,0,0,0,0
Jimi Gower,Midfielder,Arsenal,4.5,0,0,0,0,0,0,0,0,0,0,0,0,0,0,0,0,0,0,0,0,0,0,0,0,0,0,0,0,0,0,0,0,0,0,0,0,0,0
Brayden Clarke,Defender,Arsenal,4.0,0,0,0,0,0,0,0,0,0,0,0,0,0,0,0,0,0,0,0,0,0,0,0,0,0,0,0,0,0,0,0,0,0,0,0,0,0,0
Leon Bailey,Midfielder,Aston Villa,6.2,1,2,1,0,1,5,3,1,4,1,2,2,1,2,1,0,0,1,2,9,0,1,3,1,0,1,0,1,0,0,0,0,0,0,0,0,1,0
Ross Barkley,Midfielder,Aston Villa,5.2,0,1,1,4,0,1,2,1,5,0,0,9,1,1,1,1,0,1,1,10,0,0,0,0,0,0,0,0,0,0,0,0,0,0,1,0,1,1
Enzo Barrenechea,Midfielder,Aston Villa,4.9,0,0,0,0,0,0,0,0,0,0,0,0,0,0,0,0,0,0,0,0,0,0,0,0,0,0,0,0,0,0,0,0,0,0,0,0,0,0
Emiliano Buendía Stati,Midfielder,Aston Villa,5.1,0,0,0,1,1,1,0,1,0,0,0,0,1,1,0,0,1,1,0,1,1,0,1,0,0,0,0,0,0,0,0,0,0,0,0,0,0,0
Matty Cash,Defender,Aston Villa,4.4,2,1,0,0,0,0,6,2,1,1,0,1,0,7,0,1,1,0,0,3,6,4,2,0,1,2,0,0,0,6,0,6,2,0,7,6,5,1
Leander Dendoncker,Midfielder,Aston Villa,4.5,0,0,0,0,0,0,0,0,0,0,0,0,0,0,0,0,0,0,0,0,0,0,0,0,0,0,0,0,0,0,0,0,0,0,0,0,0,0
Moussa Diaby,Midfielder,Aston Villa,6.5,0,0,0,0,0,0,0,0,0,0,0,0,0,0,0,0,0,0,0,0,0,0,0,0,0,0,0,0,0,0,0,0,0,0,0,0,0,0
Diego Carlos Santos Silva,Defender,Aston Villa,4.5,0,0,0,0,2,1,6,2,0,0,1,0,0,0,7,1,0,0,1,0,0,0,0,0,0,0,0,0,0,0,0,0,0,0,0,0,0,0
Lucas Digne,Defender,Aston Villa,4.4,2,2,7,4,1,0,8,4,7,0,2,1,1,2,1,2,2,1,1,2,6,4,2,1,4,0,1,6,0,6,0,0,0,0,1,7,0,0
Lewis Dobbin,Midfielder,Aston Villa,5.0,0,0,0,0,0,0,0,0,0,0,0,0,0,0,0,0,0,0,0,0,0,0,0,0,0,0,0,0,0,0,0,0,0,0,0,0,0,0
Jhon Durán,Forward,Aston Villa,5.7,6,1,7,6,5,1,1,1,1,1,1,1,1,0,8,5,7,-2,0,0,0,1,1,0,0,0,0,0,0,0,0,0,0,0,0,0,0,0
Joe Gauci,Goalkeeper,Aston Villa,4.0,0,0,0,0,0,0,0,0,0,0,0,0,0,0,0,0,0,0,0,0,0,0,0,0,0,0,0,0,0,0,0,0,0,0,0,0,0,0
Kortney Hause,Defender,Aston Villa,3.9,0,0,0,0,0,0,0,0,0,0,0,0,0,0,0,0,0,0,0,0,0,0,0,0,0,0,0,0,0,0,0,0,0,0,0,0,0,0
Samuel Iling-Junior,Midfielder,Aston Villa,5.4,0,0,0,0,0,0,0,0,0,0,0,0,0,0,0,0,0,0,0,0,0,0,0,0,0,0,0,0,0,0,0,0,0,0,0,0,0,0
Boubacar Kamara,Midfielder,Aston Villa,5.0,0,0,0,0,0,0,0,0,1,1,0,0,2,2,3,2,2,2,2,2,3,1,3,2,0,0,0,1,0,3,1,1,2,0,3,3,10,2
Kaine Kesler-Hayden,Defender,Aston Villa,4.0,0,0,0,0,0,0,0,0,0,0,0,0,0,0,0,0,0,0,0,0,0,0,0,0,0,0,0,0,0,0,0,0,0,0,0,0,0,0
Ezri Konsa Ngoyo,Defender,Aston Villa,4.5,2,1,2,1,9,1,1,0,2,0,1,0,1,2,8,1,2,1,1,2,8,1,2,1,0,2,0,7,0,6,1,7,1,0,6,5,15,1
Ian Maatsen,Defender,Aston Villa,4.5,1,1,1,1,1,1,1,0,1,0,1,0,0,1,1,1,0,0,1,4,0,0,1,1,1,2,1,0,0,0,5,6,0,0,6,1,6,1
Filip Marschall,Goalkeeper,Aston Villa,4.0,0,0,0,0,0,0,0,0,0,0,0,0,0,0,0,0,0,0,0,0,0,0,0,0,0,0,0,0,0,0,0,0,0,0,0,0,0,0
Emiliano Martínez Romero,Goalkeeper,Aston Villa,5.0,3,1,2,0,3,2,9,8,2,0,2,2,1,2,6,2,2,2,2,2,6,2,2,2,1,3,1,0,0,6,1,6,2,0,9,8,6,-2
John McGinn,Midfielder,Aston Villa,5.2,2,3,1,2,1,0,0,1,2,2,1,5,2,2,3,6,4,2,2,1,0,0,1,1,2,1,2,2,0,3,1,5,1,0,6,1,3,3
Tyrone Mings,Defender,Aston Villa,4.4,0,0,0,0,0,0,0,0,0,0,0,0,0,2,0,0,0,0,1,2,9,1,1,0,4,1,0,8,0,0,2,6,0,0,0,6,0,0
Kosta Nedeljković,Defender,Aston Villa,3.9,1,1,1,0,0,0,0,0,0,0,0,0,0,0,0,0,0,1,0,0,0,0,0,1,0,0,0,0,0,0,0,0,0,0,0,0,0,0
Robin Olsen,Goalkeeper,Aston Villa,4.5,0,0,0,0,0,0,0,0,0,0,0,0,1,0,0,0,0,0,0,0,0,0,0,0,0,0,0,7,0,0,0,0,0,0,0,0,0,1
Pau Torres,Defender,Aston Villa,4.2,2,1,2,1,1,1,6,2,2,0,1,1,1,0,6,1,2,1,1,0,0,0,0,0,0,0,0,0,0,8,0,0,1,0,6,1,7,0
Jacob Ramsey,Midfielder,Aston Villa,5.4,4,1,2,2,2,2,0,5,1,2,1,0,0,0,0,0,0,0,1,2,3,2,10,1,1,1,2,6,0,3,1,3,5,0,1,0,0,1
Morgan Rogers,Midfielder,Aston Villa,5.8,2,2,2,2,10,7,3,6,1,9,1,2,2,8,2,2,14,2,11,0,6,1,1,1,2,2,7,3,0,10,9,6,1,0,3,6,6,1
Viljami Sinisalo,Goalkeeper,Aston Villa,4.0,0,0,0,0,0,0,0,0,0,0,0,0,0,0,0,0,0,0,0,0,0,0,0,0,0,0,0,0,0,0,0,0,0,0,0,0,0,0
Lino da Cruz Sousa,Defender,Aston Villa,4.0,0,0,0,0,0,0,0,0,0,0,0,0,0,0,0,0,0,0,0,0,0,0,0,0,0,0,0,0,0,0,0,0,0,0,0,0,0,0
Youri Tielemans,Midfielder,Aston Villa,5.5,7,2,1,2,5,2,3,8,1,2,1,3,2,2,1,3,2,1,2,2,3,8,1,2,10,2,2,3,0,3,6,6,2,0,11,0,0,1
Ollie Watkins,Forward,Aston Villa,9.2,2,2,5,13,6,11,2,8,2,2,2,7,2,12,1,1,1,1,12,2,8,8,5,1,7,2,5,9,0,0,2,7,0,0,2,9,5,2
Axel Disasi,Defender,Aston Villa,4.2,0,0,0,6,1,0,0,0,0,0,0,0,0,8,0,0,5,0,1,0,0,1,0,0,0,0,0,6,0,0,2,0,1,0,0,0,0,0
Amadou Onana,Midfielder,Aston Villa,4.8,10,1,9,1,2,2,0,2,0,2,2,0,0,0,0,1,2,2,1,0,2,1,0,1,0,0,0,0,0,1,2,3,2,0,1,3,3,3
Marcus Rashford,Midfielder,Aston Villa,6.6,3,2,2,8,1,2,2,6,1,2,1,8,14,1,1,0,0,0,0,0,0,0,0,0,2,9,1,1,0,8,1,3,8,0,0,0,0,0
Lamare Bogarde,Defender,Aston Villa,3.9,0,0,1,1,0,0,0,0,0,0,0,0,0,0,0,0,0,0,0,0,0,1,0,1,1,1,0,0,0,0,0,0,0,0,0,0,0,0
Sil Swinkels,Defender,Aston Villa,4.0,0,0,0,0,0,0,0,0,0,0,0,0,0,0,0,0,0,0,0,0,0,0,0,0,0,0,0,0,0,0,0,0,0,0,0,0,0,0
Oliwier Zych,Goalkeeper,Aston Villa,4.0,0,0,0,0,0,0,0,0,0,0,0,0,0,0,0,0,0,0,0,0,0,0,0,0,0,0,0,0,0,0,0,0,0,0,0,0,0,0
Kadan Young,Midfielder,Aston Villa,4.4,0,0,0,0,0,0,0,0,0,0,0,0,0,0,0,0,0,0,0,0,0,0,0,0,0,0,0,0,0,0,0,0,0,0,0,0,0,0
Ben Broggio,Midfielder,Aston Villa,4.5,0,0,0,0,0,0,0,0,0,0,0,0,0,0,0,0,0,0,0,0,0,0,0,0,0,0,0,0,0,0,0,0,0,0,0,0,0,0
Jamaldeen Jimoh,Midfielder,Aston Villa,4.5,0,0,0,0,0,0,0,0,0,0,0,0,0,0,0,0,0,0,0,0,0,0,0,0,0,0,0,0,0,0,0,0,0,0,0,0,0,0
Donyell Malen,Midfielder,Aston Villa,5.3,0,0,0,0,0,0,0,0,0,0,0,0,0,0,0,0,0,0,0,0,0,0,1,1,1,1,0,1,0,6,10,6,1,0,1,0,1,1
Andrés García,Defender,Aston Villa,4.5,0,0,0,0,0,0,0,0,0,0,0,0,0,0,0,0,0,0,0,0,0,0,0,1,1,1,1,0,0,0,1,1,0,0,0,0,0,0
Unai Emery,Manager,Aston Villa,0.8,0,0,0,0,0,0,0,0,0,0,0,0,0,0,0,0,0,0,0,0,0,0,4,0,10,8,1,9,0,11,8,11,1,0,9,9,10,0
Marco Asensio,Midfielder,Aston Villa,6.0,0,0,0,0,0,0,0,0,0,0,0,0,0,0,0,0,0,0,0,0,0,0,0,0,2,15,1,0,0,12,1,2,1,0,1,2,3,1
Max Aarons,Defender,Bournemouth,4.3,0,0,0,0,0,0,0,0,0,0,0,1,0,0,0,0,0,6,1,0,0,0,0,0,0,0,0,0,0,0,0,0,0,0,0,0,0,0
Tyler Adams,Midfielder,Bournemouth,4.9,0,0,0,0,0,0,0,0,1,0,2,2,2,2,0,1,3,1,0,0,2,5,9,2,2,1,2,2,2,1,2,2,2,1,2,2,2,3
Jaidon Anthony,Midfielder,Bournemouth,4.5,0,0,0,0,0,0,0,0,0,0,0,0,0,0,0,0,0,0,0,0,0,0,0,0,0,0,0,0,0,0,0,0,0,0,0,0,0,0
David Brooks,Midfielder,Bournemouth,4.9,0,0,0,0,0,0,1,0,1,1,1,7,2,1,3,1,1,1,2,5,1,3,3,2,3,1,1,1,1,1,1,0,1,0,1,1,1,3
Ryan Christie,Midfielder,Bournemouth,4.8,1,2,2,2,1,2,2,6,2,2,1,0,2,3,2,3,7,3,1,3,4,1,3,1,13,1,1,2,2,1,0,0,0,0,0,0,0,0
Lewis Cook,Midfielder,Bournemouth,5.0,1,2,7,1,1,10,2,3,2,2,5,1,0,1,2,2,1,3,2,3,2,2,2,2,1,2,2,2,2,6,1,2,1,1,2,2,-1,0
Enes Ünal,Forward,Bournemouth,5.4,0,0,0,1,1,1,1,1,1,1,1,4,1,1,6,8,1,2,0,1,0,0,0,0,0,0,0,0,0,0,0,0,0,0,0,0,0,0
Romain Faivre,Midfielder,Bournemouth,5.0,0,0,0,0,0,0,0,0,0,0,0,0,0,0,0,0,0,0,0,0,0,0,0,0,0,0,0,0,0,0,0,0,0,0,0,0,0,0
Hamed Traorè,Midfielder,Bournemouth,4.5,0,0,0,0,0,0,0,0,0,0,0,0,0,0,0,0,0,0,0,0,0,0,0,0,0,0,0,0,0,0,0,0,0,0,0,0,0,0
James Hill,Defender,Bournemouth,3.9,0,0,0,0,0,0,0,0,0,0,0,0,0,0,1,0,1,0,4,6,1,0,0,0,0,1,1,1,0,0,1,0,0,0,0,0,0,0
Daniel Jebbison,Forward,Bournemouth,4.5,1,1,0,0,0,0,0,0,0,0,0,0,0,0,0,0,0,0,0,0,1,0,1,1,1,1,0,0,1,1,1,0,0,1,1,1,6,1
Milos Kerkez,Defender,Bournemouth,5.3,1,2,1,2,1,1,2,7,2,10,1,1,7,8,2,2,6,6,1,12,1,7,6,1,2,1,4,4,4,1,1,6,8,2,2,2,1,6
Justin Kluivert,Midfielder,Bournemouth,5.9,0,3,5,2,0,1,1,11,2,3,7,2,20,3,2,3,8,2,0,3,8,22,13,2,5,2,10,5,2,0,0,0,2,2,2,1,1,3
Chris Mepham,Defender,Bournemouth,4.4,0,0,0,0,0,0,0,0,0,0,0,0,0,0,0,0,0,0,0,0,0,0,0,0,0,0,0,0,0,0,0,0,0,0,0,0,0,0
Dango Ouattara,Midfielder,Bournemouth,4.5,2,1,4,0,1,8,1,3,2,0,0,1,1,1,12,2,6,3,6,3,2,4,21,2,7,2,2,1,1,2,2,3,2,2,1,0,0,0
Alex Paulsen,Goalkeeper,Bournemouth,4.0,0,0,0,0,0,0,0,0,0,0,0,0,0,0,0,0,0,0,0,0,0,0,0,0,0,0,0,0,0,0,0,0,0,0,0,0,0,0
Philip Billing,Midfielder,Bournemouth,4.8,1,0,0,1,0,0,0,0,0,0,0,0,1,1,1,1,1,1,1,1,0,0,0,0,0,0,0,0,0,0,0,0,0,0,0,0,0,0
Alex Scott,Midfielder,Bournemouth,4.7,2,1,1,1,1,1,1,3,0,0,0,0,0,0,0,0,0,0,0,0,0,0,0,0,1,0,2,1,0,1,2,3,0,3,1,0,0,1
Antoine Semenyo,Midfielder,Bournemouth,5.7,8,5,6,1,2,7,2,2,1,10,2,1,0,3,2,3,8,3,5,3,12,5,9,2,4,2,1,1,1,2,6,10,3,9,4,2,2,16
Marcos Senesi,Defender,Bournemouth,4.6,0,1,1,1,0,2,1,9,2,2,0,1,1,0,0,0,0,0,0,0,0,0,0,0,0,0,0,0,0,1,1,0,0,1,0,1,0,6
Luis Sinisterra,Midfielder,Bournemouth,4.8,2,1,11,1,1,1,1,1,0,0,0,0,0,0,0,0,0,0,0,0,0,0,0,0,1,0,1,1,1,0,0,0,0,0,0,0,0,0
Adam Smith,Defender,Bournemouth,4.4,2,1,1,5,1,2,2,1,1,2,0,1,1,6,2,6,0,0,0,0,0,0,0,0,0,0,0,0,0,1,1,6,6,1,0,1,1,6
Marcus Tavernier,Midfielder,Bournemouth,5.4,2,9,2,3,2,4,2,3,3,2,1,2,5,6,2,0,0,0,0,0,0,0,7,1,5,2,1,7,1,0,0,1,1,1,5,2,1,4
Mark Travers,Goalkeeper,Bournemouth,4.4,0,0,0,2,0,0,0,0,5,3,0,0,0,0,0,0,0,0,0,6,3,0,0,0,0,0,0,0,0,0,0,0,0,0,0,0,0,0
Illia Zabarnyi,Defender,Bournemouth,4.4,2,2,1,2,1,2,2,6,2,2,0,1,0,6,4,2,6,6,1,7,1,2,5,1,2,-2,0,0,1,1,1,1,9,2,2,1,1,11
Kepa Arrizabalaga,Goalkeeper,Bournemouth,4.6,0,0,3,0,4,2,2,6,0,0,2,1,1,7,3,2,9,8,2,0,0,3,7,2,3,2,1,1,1,1,1,11,6,3,3,2,1,6
Dean Huijsen,Defender,Bournemouth,4.5,2,0,1,0,0,0,0,0,0,1,1,1,1,15,2,2,14,8,1,8,0,2,6,0,2,2,1,0,1,0,4,7,8,1,8,1,0,4
Julián Araujo Zúñiga,Defender,Bournemouth,4.3,1,2,1,1,1,0,0,1,0,0,1,0,0,0,0,0,0,0,0,0,0,0,0,0,0,0,0,0,0,0,0,0,1,0,2,1,0,0
Will Dennis,Goalkeeper,Bournemouth,3.9,0,0,0,0,0,0,0,0,0,0,0,0,0,0,0,0,0,0,0,0,0,0,0,0,0,0,0,0,0,0,0,0,0,0,0,0,0,0
Francisco Evanilson de Lima Barbosa,Forward,Bournemouth,5.9,0,2,2,0,2,9,2,5,8,7,8,2,12,2,2,2,2,1,8,2,0,0,0,0,0,0,1,8,2,8,13,2,2,2,6,2,2,2
Max Kinsey,Defender,Bournemouth,4.0,0,0,0,0,0,0,0,0,0,0,0,0,0,0,0,0,0,0,0,0,0,0,0,0,0,0,0,0,0,0,0,0,0,0,0,0,0,0
Ben Winterburn,Midfielder,Bournemouth,4.5,0,0,0,0,0,0,0,0,0,0,0,0,0,0,0,0,0,0,1,0,0,1,0,0,0,0,0,0,0,0,1,0,0,0,0,0,0,1
Archie Harris,Defender,Bournemouth,4.0,0,0,0,0,0,0,0,0,0,0,0,0,0,0,0,0,0,0,0,0,0,0,0,0,0,0,0,0,0,0,0,0,0,0,0,0,0,0
Remy Rees-Dottin,Forward,Bournemouth,4.5,0,0,0,0,0,0,0,0,0,0,0,0,0,0,0,0,0,0,0,0,0,1,0,0,0,0,0,0,0,0,0,0,0,0,0,0,0,0
Matai Akinmboni,Defender,Bournemouth,4.0,0,0,0,0,0,0,0,0,0,0,0,0,0,0,0,0,0,0,0,0,0,0,0,0,0,0,0,0,0,0,0,0,0,0,0,0,0,0
Julio Soler,Defender,Bournemouth,3.9,0,0,0,0,0,0,0,0,0,0,0,0,0,0,0,0,0,0,0,0,0,0,0,0,0,0,0,0,0,0,0,1,0,0,0,0,1,1
Daniel Adu-Adjei,Forward,Bournemouth,4.5,0,0,0,0,0,0,0,0,0,0,0,0,0,0,0,0,0,0,0,0,0,0,0,0,0,0,0,0,0,0,0,0,0,0,0,0,0,0
Dominic Sadi,Midfielder,Bournemouth,4.5,0,0,0,0,0,0,0,0,0,0,0,0,0,0,0,0,0,0,0,0,0,0,0,0,0,0,0,0,0,0,0,0,0,0,0,0,0,0
Callan McKenna,Goalkeeper,Bournemouth,4.0,0,0,0,0,0,0,0,0,0,0,0,0,0,0,0,0,0,0,0,0,0,0,0,0,0,0,0,0,0,0,0,0,0,0,0,0,0,0
Zain Silcott-Duberry,Midfielder,Bournemouth,4.5,0,0,0,0,0,0,0,0,0,0,0,0,0,0,0,0,0,0,0,0,0,0,1,0,0,0,0,0,0,0,0,0,0,0,0,0,0,0
Andoni Iraola,Manager,Bournemouth,1.1,0,0,0,0,0,0,0,0,0,0,0,0,0,0,0,0,0,0,0,0,0,0,13,0,9,0,1,5,1,1,5,9,5,4,18,0,1,10
Kristoffer Ajer,Defender,Brentford,4.4,2,1,1,1,0,2,0,0,0,0,0,0,0,0,0,1,1,0,0,0,0,0,0,2,6,6,2,1,2,1,6,2,1,0,0,0,0,1
Ethan Brierley,Midfielder,Brentford,4.4,0,0,0,0,0,0,0,0,0,0,0,0,0,0,0,0,0,0,0,0,0,0,0,0,0,0,0,0,0,0,0,0,0,0,0,0,0,0
Nathan Collins,Defender,Brentford,4.6,6,1,5,0,1,2,10,1,1,1,1,6,5,0,7,1,1,6,1,6,1,1,7,1,8,6,1,1,2,1,7,6,0,11,1,8,1,2
Mikkel Damsgaard,Midfielder,Brentford,4.9,1,1,3,2,2,3,10,5,2,3,8,3,5,9,1,2,1,3,5,6,2,3,7,3,2,10,2,2,2,1,3,2,2,3,5,3,2,2
Josh Dasilva,Midfielder,Brentford,4.8,0,0,0,0,0,0,0,0,0,0,0,0,0,0,0,0,0,0,0,0,0,0,0,0,0,0,0,0,0,0,0,0,0,0,0,0,0,0
Mark Flekken,Goalkeeper,Brentford,4.5,4,3,3,2,3,2,2,4,1,4,1,9,2,3,3,3,2,3,1,6,3,3,3,0,10,7,3,3,3,1,10,2,1,13,1,9,2,3
Rico Henry,Defender,Brentford,4.3,0,0,0,0,0,0,0,0,0,0,0,0,0,0,0,0,0,0,0,0,1,0,0,0,0,0,0,0,0,0,0,0,1,1,0,0,1,0
Aaron Hickey,Defender,Brentford,4.3,0,0,0,0,0,0,0,0,0,0,0,0,0,0,0,0,0,0,0,0,0,0,0,0,0,0,0,0,0,0,0,0,0,0,0,0,0,0
Vitaly Janelt,Midfielder,Brentford,4.8,2,2,3,2,2,2,4,2,5,9,5,3,1,2,0,0,2,3,2,1,2,3,1,0,3,3,2,2,0,1,1,2,1,0,0,0,0,0
Mathias Jensen,Midfielder,Brentford,5.3,2,1,6,0,0,0,0,0,1,1,2,3,1,0,0,0,0,0,1,3,2,1,1,1,1,0,0,1,0,0,1,1,3,1,1,1,1,1
Kim Ji-soo,Defender,Brentford,3.9,0,0,0,0,0,0,0,0,0,0,0,0,0,0,0,0,0,1,1,0,0,0,0,0,0,0,0,1,0,0,0,0,0,0,0,0,0,0
Yunus Emre Konak,Midfielder,Brentford,4.4,0,0,0,0,1,1,1,0,0,0,1,0,0,0,0,0,1,0,0,0,0,0,0,0,0,1,0,0,1,0,0,0,1,1,0,1,0,0
Keane Lewis-Potter,Midfielder,Brentford,5.0,1,2,1,2,5,1,5,2,5,3,2,3,1,2,1,2,2,3,2,8,5,2,1,2,3,3,2,2,2,1,3,2,5,0,2,3,1,2
Bryan Mbeumo,Midfielder,Brentford,8.3,9,1,14,2,8,9,8,2,15,3,5,3,2,2,13,9,2,3,7,19,2,2,7,2,3,14,5,2,6,8,3,2,18,2,5,6,5,8
Ben Mee,Defender,Brentford,4.2,1,0,0,0,0,0,0,0,0,0,0,0,0,0,1,0,0,5,0,0,0,0,1,0,0,0,0,0,1,0,0,0,0,0,0,0,0,0
Christian Nørgaard,Midfielder,Brentford,4.8,2,1,2,2,0,0,7,1,2,5,2,-2,2,0,5,2,2,3,1,3,8,1,1,2,3,6,0,2,10,2,3,1,7,2,5,2,4,8
Frank Onyeka,Midfielder,Brentford,4.9,1,1,0,0,0,0,0,0,0,0,0,0,0,0,0,0,0,0,0,0,0,0,0,0,0,0,0,0,0,0,0,0,0,0,0,0,0,0
Myles Peart-Harris,Midfielder,Brentford,4.5,0,0,0,0,0,0,0,0,0,0,0,0,0,0,0,0,0,0,0,0,0,0,0,0,0,0,0,0,0,0,0,0,0,0,0,0,0,0
Ethan Pinnock,Defender,Brentford,4.4,0,1,1,1,1,2,7,7,1,1,1,6,2,0,1,1,0,0,0,0,0,0,0,0,1,6,2,2,2,1,0,0,0,0,0,0,0,0
Mads Roerslev Rasmussen,Defender,Brentford,4.3,2,1,1,1,1,0,1,1,4,0,0,0,1,1,0,2,1,6,1,6,4,0,2,0,0,0,0,0,0,0,0,0,0,0,0,0,0,0
Kevin Schade,Midfielder,Brentford,5.3,2,1,6,1,1,1,2,2,1,1,0,1,23,5,6,3,2,3,1,8,1,1,11,2,9,3,3,2,2,2,3,1,2,8,14,11,2,2
Igor Thiago Nascimento Rodrigues,Forward,Brentford,5.9,0,0,0,0,0,0,0,0,0,0,0,1,1,1,2,0,0,0,0,0,0,0,0,0,0,0,0,0,0,0,0,0,0,0,1,1,1,1
Ivan Toney,Forward,Brentford,7.3,0,0,0,0,0,0,0,0,0,0,0,0,0,0,0,0,0,0,0,0,0,0,0,0,0,0,0,0,0,0,0,0,0,0,0,0,0,0
Hákon Valdimarsson,Goalkeeper,Brentford,3.9,0,0,0,0,0,0,0,0,0,0,0,0,0,0,0,0,0,1,0,0,0,0,0,1,0,0,0,0,0,0,0,0,0,0,0,0,0,0
Yoane Wissa,Forward,Brentford,6.9,11,2,8,7,0,0,0,1,10,2,13,2,8,2,7,2,1,2,2,11,6,2,2,2,2,8,9,2,8,5,2,9,11,7,7,1,10,1
Yehor Yarmoliuk,Midfielder,Brentford,4.3,0,0,0,1,2,0,1,1,0,1,1,1,1,2,2,2,0,0,2,1,1,2,1,0,1,1,1,0,1,2,3,0,2,2,2,2,2,2
Mathias Jorgensen,Defender,Brentford,4.5,0,0,0,0,0,0,0,0,0,0,0,0,0,0,0,0,0,0,0,0,0,0,0,0,0,0,0,0,0,0,0,0,0,0,0,0,0,0
Fábio Freitas Gouveia Carvalho,Midfielder,Brentford,4.5,1,1,1,1,2,6,6,1,1,1,0,0,1,1,2,1,1,0,0,0,0,0,0,1,1,6,0,0,0,0,0,0,0,0,0,0,0,0
Sepp van den Berg,Defender,Brentford,4.1,0,0,1,1,1,2,1,1,1,1,1,6,2,1,0,1,0,0,1,10,1,1,2,1,1,0,0,0,1,1,5,2,1,6,1,6,0,2
Ryan Trevitt,Midfielder,Brentford,4.4,0,0,0,0,1,0,0,0,0,0,0,0,0,0,0,0,0,0,0,0,0,0,0,0,0,0,0,0,0,0,0,0,0,0,0,0,0,0
Gustavo Nunes Fernandes Gomes,Midfielder,Brentford,4.9,0,0,0,0,0,0,0,0,0,0,0,0,0,0,0,0,0,0,0,0,0,0,0,0,0,0,0,0,0,0,0,1,1,0,1,0,0,0
Jayden Meghoma,Defender,Brentford,4.0,0,0,0,0,0,0,0,0,0,0,0,0,0,0,0,1,0,0,0,0,0,0,0,0,0,0,0,0,0,0,0,0,0,0,0,0,0,0
Tony Yogane,Midfielder,Brentford,4.5,0,0,0,0,0,0,0,0,0,0,0,0,0,0,0,0,0,0,0,0,0,0,0,0,0,0,0,0,0,0,0,0,0,0,0,0,0,0
Paris Maghoma,Midfielder,Brentford,4.5,0,0,0,0,0,0,0,0,0,0,0,0,0,1,1,0,1,0,1,1,0,0,0,0,0,1,1,0,0,1,0,0,0,0,0,0,0,0
Benjamin Arthur,Defender,Brentford,4.0,0,0,0,0,0,0,0,0,0,0,0,0,0,0,0,0,0,0,0,0,0,0,0,0,0,0,0,0,0,0,0,0,0,0,0,0,0,0
Thomas Frank,Manager,Brentford,0.8,0,0,0,0,0,0,0,0,0,0,0,0,0,0,0,0,0,0,0,0,0,0,8,0,9,12,4,0,8,1,10,9,10,20,10,9,2,4
Michael Kayode,Defender,Brentford,4.5,0,0,0,0,0,0,0,0,0,0,0,0,0,0,0,0,0,0,0,0,0,0,0,1,1,1,1,0,0,0,1,1,1,6,5,5,2,2
Julian Eyestone,Goalkeeper,Brentford,4.0,0,0,0,0,0,0,0,0,0,0,0,0,0,0,0,0,0,0,0,0,0,0,0,0,0,0,0,0,0,0,0,0,0,0,0,0,0,0
Iwan Morgan,Forward,Brentford,4.5,0,0,0,0,0,0,0,0,0,0,0,0,0,0,0,0,0,0,0,0,0,0,0,0,0,0,0,0,0,0,0,0,0,0,0,0,0,0
Benjamin Fredrick,Defender,Brentford,4.0,0,0,0,0,0,0,0,0,0,0,0,0,0,0,0,0,0,0,0,0,0,0,0,0,0,0,0,0,0,0,0,0,0,0,0,0,0,0
Simon Adingra,Midfielder,Brighton,5.1,6,4,1,1,2,0,0,0,0,1,2,1,1,2,0,1,0,1,6,2,3,0,0,1,1,1,0,1,1,2,1,5,1,2,3,4,2,1
Benicio Baker-Boaitey,Midfielder,Brighton,4.5,0,0,0,0,0,0,0,0,0,0,0,0,0,0,0,0,0,0,0,0,0,0,0,0,0,0,0,0,0,0,0,0,0,0,0,0,0,0
Carlos Baleba,Midfielder,Brighton,5.0,0,1,2,3,1,12,2,3,3,0,1,-2,0,9,0,2,2,3,1,2,3,1,1,0,3,3,2,2,1,1,2,2,2,10,2,3,2,2
Valentín Barco,Defender,Brighton,4.0,0,0,0,0,0,0,0,0,0,0,0,0,0,0,0,0,0,0,0,0,0,0,0,0,0,0,0,0,0,0,0,0,0,0,0,0,0,0
Amario Cozier-Duberry,Midfielder,Brighton,4.5,0,0,0,0,0,0,0,0,0,0,0,0,0,0,0,0,0,0,0,0,0,0,0,0,0,0,0,0,0,0,0,0,0,0,0,0,0,0
Mahmoud Dahoud,Midfielder,Brighton,4.9,0,0,0,0,0,0,0,0,0,0,0,0,0,0,0,0,0,0,0,0,0,0,0,0,0,0,0,0,0,0,0,0,0,0,0,0,0,0
Lewis Dunk,Defender,Brighton,4.2,6,2,2,6,0,-1,1,6,0,0,0,0,1,0,1,0,5,6,1,0,1,2,2,-3,0,0,0,0,0,2,1,0,0,1,2,0,0,0
Pervis Estupiñán,Defender,Brighton,4.9,0,0,1,0,1,-1,1,1,0,1,2,2,4,1,5,1,1,6,0,2,9,2,0,0,0,1,2,2,7,1,1,0,-1,1,2,7,1,0
Billy Gilmour,Midfielder,Brighton,5.0,1,2,0,0,0,0,0,0,0,0,0,0,0,0,0,0,0,0,0,0,0,0,0,0,0,0,0,0,0,0,0,0,0,0,0,0,0,0
Pascal Groß,Midfielder,Brighton,6.5,0,0,0,0,0,0,0,0,0,0,0,0,0,0,0,0,0,0,0,0,0,0,0,0,0,0,0,0,0,0,0,0,0,0,0,0,0,0
Jack Hinshelwood,Midfielder,Brighton,4.9,3,2,2,2,10,2,2,2,0,2,1,0,0,0,0,0,0,0,0,0,0,0,1,0,3,10,1,2,5,1,2,2,5,4,3,1,6,15
Ibrahim Osman,Midfielder,Brighton,5.0,0,0,0,0,0,0,0,0,0,0,0,0,0,0,0,0,0,0,0,0,0,0,0,0,0,0,0,0,0,0,0,0,0,0,0,0,0,0
Igor Julio dos Santos de Paulo,Defender,Brighton,4.3,0,0,0,0,0,1,0,6,0,1,1,2,2,1,1,0,0,0,0,2,0,0,0,0,0,0,0,0,0,0,0,0,0,0,0,0,0,1
João Pedro Junqueira de Jesus,Forward,Brighton,5.5,2,8,8,0,1,0,0,0,0,0,11,12,2,5,2,2,2,2,9,9,1,2,1,1,1,12,8,9,1,2,1,13,-1,0,0,0,0,0
Kacper Kozłowski,Midfielder,Brighton,4.5,0,0,0,0,0,0,0,0,0,0,0,0,0,0,0,0,0,0,0,0,0,0,0,0,0,0,0,0,0,0,0,0,0,0,0,0,0,0
Tariq Lamptey,Defender,Brighton,4.4,0,0,0,0,0,0,0,0,3,0,0,0,5,0,8,0,1,0,7,0,0,1,2,-1,6,6,2,0,0,0,0,0,0,0,1,1,0,0
Solly March,Midfielder,Brighton,6.5,0,0,0,0,0,0,0,0,0,0,0,0,0,0,0,0,0,1,0,0,0,0,0,0,0,0,1,1,0,0,0,1,1,2,0,0,0,0
Adrian Mazilu,Midfielder,Brighton,4.5,0,0,0,0,0,0,0,0,0,0,0,0,0,0,0,0,0,0,0,0,0,0,0,0,0,0,0,0,0,0,0,0,0,0,0,0,0,0
James Milner,Midfielder,Brighton,5.0,2,2,1,0,0,0,0,0,0,0,0,0,0,0,0,0,0,0,0,0,0,0,0,0,0,0,0,0,0,0,0,0,0,0,0,0,0,1
Yankuba Minteh,Midfielder,Brighton,4.8,4,2,4,2,1,1,7,0,0,0,0,0,1,1,6,2,1,1,1,0,1,12,0,2,15,6,2,2,2,0,5,2,2,1,9,3,2,2
Mitoma Kaoru,Midfielder,Brighton,6.3,8,6,2,3,5,2,5,1,2,2,2,9,10,2,2,2,2,3,1,1,10,12,2,1,10,8,2,2,1,2,2,0,6,6,0,1,6,4
Jakub Moder,Midfielder,Brighton,4.4,0,0,0,0,0,0,0,0,0,1,1,0,0,0,0,0,0,0,1,0,1,0,0,0,0,0,0,0,0,0,0,0,0,0,0,0,0,0
Mark O’Mahony,Forward,Brighton,4.5,0,0,0,0,0,0,0,0,0,0,0,0,0,0,0,0,0,0,0,0,0,0,0,0,0,0,0,0,0,0,0,0,0,0,0,0,0,0
Odeluga Offiah,Defender,Brighton,4.0,0,0,0,0,0,0,0,0,0,0,0,0,0,0,0,0,0,0,0,0,0,0,0,0,0,0,0,0,0,0,0,0,0,0,0,0,0,0
Cameron Peupion,Midfielder,Brighton,4.4,0,0,0,0,0,0,0,0,0,0,0,0,0,0,0,0,0,0,0,0,0,0,0,0,0,0,0,0,0,0,0,0,0,0,0,0,0,0
Jeremy Sarmiento Morante,Midfielder,Brighton,4.9,1,0,0,0,0,0,0,0,0,0,0,0,0,0,0,0,0,0,0,0,0,0,0,0,0,0,0,0,0,0,0,0,0,0,0,0,0,0
Jason Steele,Goalkeeper,Brighton,4.0,7,2,0,0,0,0,0,0,0,0,0,0,0,0,0,0,0,0,0,0,0,0,0,0,0,0,0,0,0,0,0,0,0,0,0,0,0,0
Deniz Undav,Forward,Brighton,5.5,0,0,0,0,0,0,0,0,0,0,0,0,0,0,0,0,0,0,0,0,0,0,0,0,0,0,0,0,0,0,0,0,0,0,0,0,0,0
Jan Paul van Hecke,Defender,Brighton,4.5,6,1,2,6,4,0,0,1,1,1,1,1,2,1,1,1,2,9,1,2,7,2,2,-1,6,7,1,9,1,1,-2,0,-1,0,2,7,1,2
Joël Veltman,Defender,Brighton,4.3,8,2,2,7,1,0,1,7,1,1,2,2,0,0,0,0,1,8,0,1,5,2,2,-1,6,0,0,0,0,0,0,0,0,0,1,0,0,0
Bart Verbruggen,Goalkeeper,Brighton,4.5,0,0,4,5,1,0,0,10,2,3,3,3,2,1,1,1,3,9,2,2,7,2,1,-1,10,6,3,2,0,1,1,2,1,1,3,8,2,2
Adam Webster,Defender,Brighton,4.3,1,0,0,0,0,-1,1,0,0,0,0,0,0,0,0,0,0,0,0,1,6,0,1,0,6,6,2,2,1,0,0,0,0,0,0,8,0,5
Danny Welbeck,Forward,Brighton,5.5,12,9,2,2,6,2,8,9,7,5,2,2,2,0,1,0,0,0,0,0,1,2,2,1,8,0,7,1,1,0,9,2,5,2,1,9,5,0
Mats Wieffer,Midfielder,Brighton,4.7,6,0,0,0,1,1,1,1,1,1,0,1,0,2,3,1,9,0,0,0,0,0,0,0,0,1,0,1,0,1,1,0,6,2,3,5,2,2
Brajan Gruda,Midfielder,Brighton,5.4,0,0,0,0,0,0,1,0,1,1,1,0,0,1,0,1,2,3,1,1,0,0,1,0,0,4,0,0,1,2,1,1,0,7,1,6,6,2
Yasin Ayari,Midfielder,Brighton,5.0,1,1,2,3,0,1,0,2,2,2,0,3,2,0,3,2,1,1,1,2,3,2,2,0,1,3,1,5,1,2,1,2,1,7,1,3,9,1
Andrew Moran,Midfielder,Brighton,5.0,0,0,0,0,0,0,0,0,0,0,0,0,0,0,0,0,0,0,0,0,0,0,0,0,0,0,0,0,0,0,0,0,0,0,0,0,0,0
Carl Rushworth,Goalkeeper,Brighton,3.9,0,0,0,0,0,0,0,0,0,0,0,0,0,0,0,0,0,0,0,0,0,0,0,0,0,0,0,0,0,0,0,0,0,0,0,0,0,0
Georginio Rutter,Midfielder,Brighton,5.0,0,1,1,3,2,7,11,6,5,2,2,5,2,1,2,2,2,1,1,1,6,6,1,2,3,8,5,2,5,0,0,0,0,0,0,0,0,0
Ferdi Kadioglu,Defender,Brighton,4.4,0,0,0,1,0,0,0,6,6,6,0,0,0,0,0,0,0,0,0,0,0,0,0,0,0,0,0,0,0,0,0,0,0,0,0,0,0,0
Matt O'Riley,Midfielder,Brighton,5.5,0,0,0,0,0,0,0,0,0,0,8,1,1,0,1,0,0,3,1,1,6,0,1,1,1,0,0,0,0,1,2,5,2,2,2,1,4,6
Imari Samuels,Defender,Brighton,4.0,0,0,0,0,0,0,0,0,0,0,0,0,0,0,0,0,0,0,0,0,0,0,0,0,0,0,0,0,0,0,0,0,0,0,0,0,0,0
Killian Cahill,Goalkeeper,Brighton,3.9,0,0,0,0,0,0,0,0,0,0,0,0,0,0,0,0,0,0,0,0,0,0,0,0,0,0,0,0,0,0,0,0,0,0,0,0,0,0
Ruairi McConville,Defender,Brighton,4.0,0,0,0,0,0,0,0,0,0,0,0,0,0,0,0,0,0,0,0,0,0,0,0,0,0,0,0,0,0,0,0,0,0,0,0,0,0,0
Jacob Slater,Defender,Brighton,4.0,0,0,0,0,0,0,0,0,0,0,0,0,0,0,0,0,0,0,0,0,0,0,0,0,0,0,0,0,0,0,0,0,0,0,0,0,0,0
Diego Gómez,Midfielder,Brighton,5.5,0,0,0,0,0,0,0,0,0,0,0,0,0,0,0,0,0,0,0,0,0,1,0,1,1,1,2,1,2,2,2,1,1,1,1,1,1,11
Fabian Hürzeler,Manager,Brighton,1.1,0,0,0,0,0,0,0,0,0,0,0,0,0,0,0,0,0,0,0,0,0,0,0,0,21,12,8,8,5,0,1,5,2,9,9,10,19,10
Joe Knight,Midfielder,Brighton,4.5,0,0,0,0,0,0,0,0,0,0,0,0,0,0,0,0,0,0,0,0,0,0,0,0,0,0,0,0,0,0,0,0,0,0,0,0,0,0
Eiran Cashin,Defender,Brighton,4.5,0,0,0,0,0,0,0,0,0,0,0,0,0,0,0,0,0,0,0,0,0,0,0,0,0,0,0,0,0,0,0,0,1,0,0,0,0,0
Charlie Tasker,Defender,Brighton,4.0,0,0,0,0,0,0,0,0,0,0,0,0,0,0,0,0,0,0,0,0,0,0,0,0,0,0,0,0,0,0,0,0,0,0,0,0,0,0
Freddie Simmonds,Defender,Brighton,4.0,0,0,0,0,0,0,0,0,0,0,0,0,0,0,0,0,0,0,0,0,0,0,0,0,0,0,0,0,0,0,0,0,0,0,0,0,0,0
Harry Howell,Midfielder,Brighton,4.5,0,0,0,0,0,0,0,0,0,0,0,0,0,0,0,0,0,0,0,0,0,0,0,0,0,0,0,0,0,0,0,0,0,0,0,0,1,0
Andrey Nascimento dos Santos,Midfielder,Chelsea,4.5,0,0,0,0,0,0,0,0,0,0,0,0,0,0,0,0,0,0,0,0,0,0,0,0,0,0,0,0,0,0,0,0,0,0,0,0,0,0
Ângelo Gabriel Borges Damaceno,Midfielder,Chelsea,4.5,0,0,0,0,0,0,0,0,0,0,0,0,0,0,0,0,0,0,0,0,0,0,0,0,0,0,0,0,0,0,0,0,0,0,0,0,0,0
Benoît Badiashile,Defender,Chelsea,4.2,0,0,0,0,0,0,0,1,0,0,0,2,1,0,1,0,0,0,0,0,0,0,0,0,0,0,0,0,2,0,0,0,0,0,0,0,0,0
Lucas Bergström,Goalkeeper,Chelsea,3.9,0,0,0,0,0,0,0,0,0,0,0,0,0,0,0,0,0,0,0,0,0,0,0,0,0,0,0,0,0,0,0,0,0,0,0,0,0,0
Marcus Bettinelli,Goalkeeper,Chelsea,3.9,0,0,0,0,0,0,0,0,0,0,0,0,0,0,0,0,0,0,0,0,0,0,0,0,0,0,0,0,0,0,0,0,0,0,0,0,0,0
Moisés Caicedo Corozo,Midfielder,Chelsea,4.9,1,2,2,3,6,2,1,5,2,9,2,2,3,2,5,2,3,2,1,2,2,1,1,2,1,1,2,4,2,3,3,2,1,3,6,2,3,2
Cesare Casadei,Midfielder,Chelsea,4.4,0,0,0,0,0,0,0,0,0,0,0,0,0,0,0,0,0,0,0,0,0,0,0,0,0,0,0,0,0,0,0,0,0,0,0,0,0,0
Trevoh Chalobah,Defender,Chelsea,4.4,0,0,0,0,0,0,2,2,8,7,1,0,2,6,1,9,0,6,10,0,0,8,1,1,1,1,0,1,0,5,6,1,2,9,1,2,0,0
Carney Chukwuemeka,Midfielder,Chelsea,4.7,0,0,0,0,0,0,0,0,0,0,0,0,0,0,0,0,0,0,0,0,0,0,0,0,0,0,0,0,0,0,0,0,0,0,0,0,0,0
Levi Colwill,Defender,Chelsea,4.4,1,1,2,5,7,1,1,1,2,2,1,2,6,0,1,2,6,4,0,1,1,0,0,2,1,1,14,6,1,6,0,1,1,6,2,0,6,15
Marc Cucurella Saseta,Defender,Chelsea,5.4,2,0,2,5,5,0,1,0,1,1,1,2,11,2,4,5,0,1,1,2,1,9,1,2,1,1,15,15,2,5,1,1,1,6,2,1,15,8
David Datro Fofana,Forward,Chelsea,5.4,0,0,0,0,0,0,0,0,0,0,0,0,0,0,0,0,0,0,0,0,0,0,0,0,0,0,0,0,0,0,0,0,0,0,0,0,0,0
Deivid Washington de Souza Eugênio,Forward,Chelsea,4.9,0,0,0,0,0,0,0,0,0,0,0,0,0,0,0,0,0,0,0,0,0,0,0,0,0,0,0,0,0,0,0,0,0,0,0,0,0,0
Kiernan Dewsbury-Hall,Midfielder,Chelsea,5.5,1,1,0,0,1,0,0,0,0,0,0,1,0,1,0,0,0,0,0,0,0,6,0,0,1,0,1,0,1,1,1,0,0,1,0,0,0,1
Enzo Fernández,Midfielder,Chelsea,4.7,2,2,2,0,3,1,2,1,1,1,4,12,9,5,9,5,3,2,1,1,2,0,2,4,1,7,3,6,2,11,2,2,5,6,9,1,3,3
Conor Gallagher,Midfielder,Chelsea,5.9,0,0,0,0,0,0,0,0,0,0,0,0,0,0,0,0,0,0,0,0,0,0,0,0,0,0,0,0,0,0,0,0,0,0,0,0,0,0
Alfie Gilchrist,Defender,Chelsea,4.0,0,0,0,0,0,0,0,0,0,0,0,0,0,0,0,0,0,0,0,0,0,0,0,0,0,0,0,0,0,0,0,0,0,0,0,0,0,0
Malo Gusto,Defender,Chelsea,4.9,1,0,2,0,0,1,2,1,2,0,2,0,1,5,1,2,6,1,0,2,0,1,1,1,1,1,6,0,1,8,5,1,1,0,1,1,1,1
Reece James,Defender,Chelsea,4.8,0,0,0,0,0,0,0,0,2,2,1,0,0,0,0,0,0,0,0,0,7,6,1,1,1,1,0,0,2,1,9,0,1,1,1,1,10,6
Omari Kellyman,Midfielder,Chelsea,4.3,0,0,0,0,0,0,0,0,0,0,0,0,0,0,0,0,0,0,0,0,0,0,0,0,0,0,0,0,0,0,0,0,0,0,0,0,0,0
Roméo Lavia,Midfielder,Chelsea,4.5,2,0,0,0,0,1,0,1,4,2,2,0,3,0,0,0,0,0,0,0,0,0,0,0,0,0,0,0,1,0,0,0,0,3,3,2,1,1
Romelu Lukaku Bolingoli,Forward,Chelsea,6.3,0,0,0,0,0,0,0,0,0,0,0,0,0,0,0,0,0,0,0,0,0,0,0,0,0,0,0,0,0,0,0,0,0,0,0,0,0,0
Malang Sarr,Defender,Chelsea,4.5,0,0,0,0,0,0,0,0,0,0,0,0,0,0,0,0,0,0,0,0,0,0,0,0,0,0,0,0,0,0,0,0,0,0,0,0,0,0
Noni Madueke,Midfielder,Chelsea,6.0,0,20,2,3,3,5,10,2,1,2,1,3,3,13,1,6,1,0,2,1,2,7,9,2,1,0,0,0,0,1,1,5,1,3,2,1,3,3
Marc Guiu Paz,Forward,Chelsea,4.7,1,0,0,0,0,0,0,0,0,0,0,0,0,0,0,0,0,0,0,1,0,0,0,1,0,0,0,0,0,0,0,0,0,0,0,0,0,0
Mykhailo Mudryk,Midfielder,Chelsea,6.1,0,1,1,0,0,1,1,0,1,1,1,0,0,0,0,0,0,0,0,0,0,0,0,0,0,0,0,0,0,0,0,0,0,0,0,0,0,0
Nicolas Jackson,Forward,Chelsea,7.7,2,10,6,1,16,5,2,6,9,1,2,12,6,0,2,9,2,2,1,2,4,2,5,1,0,0,0,0,0,1,1,1,2,8,2,-2,0,0
Christopher Nkunku,Midfielder,Chelsea,5.7,1,1,1,7,1,1,1,1,0,0,1,1,1,13,1,1,1,1,2,0,0,0,1,1,2,1,12,3,2,0,1,1,0,0,0,0,0,0
Cole Palmer,Midfielder,Chelsea,10.5,2,17,6,3,8,25,6,2,10,3,2,2,14,7,18,3,3,10,2,10,10,2,2,6,2,2,3,1,0,6,1,4,2,3,10,2,2,3
Đorđe Petrović,Goalkeeper,Chelsea,4.4,0,0,0,0,0,0,0,0,0,0,0,0,0,0,0,0,0,0,0,0,0,0,0,0,0,0,0,0,0,0,0,0,0,0,0,0,0,0
Renato Palma Veiga,Midfielder,Chelsea,4.4,1,1,0,2,0,1,0,0,0,0,0,0,0,1,1,0,0,0,0,0,0,0,0,0,0,0,0,0,0,0,0,0,0,0,0,0,0,0
Robert Sánchez,Goalkeeper,Chelsea,4.5,2,1,2,15,10,2,4,2,1,3,2,1,7,0,0,3,9,2,0,3,1,2,2,0,0,0,0,9,3,6,6,1,2,9,2,2,6,6
Tosin Adarabioyo,Defender,Chelsea,4.2,0,0,0,1,6,0,1,-1,0,0,0,0,0,2,0,2,9,1,1,0,1,7,0,2,0,1,9,7,1,1,5,0,1,0,0,0,8,6
Wesley Fofana,Defender,Chelsea,4.3,1,1,1,7,0,0,1,0,1,2,2,2,1,0,0,0,0,0,0,0,0,0,0,0,0,0,0,6,1,0,0,0,0,0,0,0,0,0
Jadon Sancho,Midfielder,Chelsea,6.2,0,0,0,3,4,9,2,1,0,0,0,1,3,6,8,2,3,2,1,6,2,1,2,1,2,1,3,3,2,3,3,6,1,1,0,1,0,3
Pedro Lomba Neto,Midfielder,Chelsea,6.1,1,4,0,1,1,1,0,1,5,2,9,0,3,0,1,0,3,1,1,2,1,2,1,7,2,5,11,3,1,2,1,3,10,3,5,2,3,6
Caleb Wiley,Defender,Chelsea,4.0,0,0,0,0,0,0,0,0,0,0,0,0,0,0,0,0,0,0,0,0,0,0,0,0,0,0,0,0,0,0,0,0,0,0,0,0,0,0
Filip Jørgensen,Goalkeeper,Chelsea,4.2,0,0,0,0,0,0,0,0,0,0,0,0,0,3,0,0,0,0,2,0,0,0,0,3,2,2,6,0,0,0,0,0,0,0,0,0,0,0
João Félix Sequeira,Midfielder,Chelsea,5.9,0,6,1,0,1,0,1,0,0,0,0,3,0,5,1,0,0,0,1,0,4,1,0,0,0,0,0,0,0,0,0,0,0,0,0,0,0,0
Samuel Rak-Sakyi,Midfielder,Chelsea,4.5,0,0,0,0,0,0,0,0,0,0,0,0,0,0,0,0,0,0,0,0,0,0,0,0,0,0,0,0,0,0,0,0,0,0,0,0,0,0
Tyrique George,Midfielder,Chelsea,4.5,0,0,0,0,0,0,0,0,0,0,0,0,0,0,0,0,0,0,0,0,0,0,0,0,1,0,4,1,1,0,0,0,6,1,0,0,3,0
Josh Acheampong,Defender,Chelsea,4.0,0,0,0,0,0,0,0,0,0,0,0,0,0,0,0,0,0,0,0,2,1,0,0,0,0,0,1,0,0,0,0,0,0,0,0,0,0,0
Enzo Maresca,Manager,Chelsea,1.5,0,0,0,0,0,0,0,0,0,0,0,0,0,0,0,0,0,0,0,0,0,0,1,8,0,1,12,9,0,9,5,5,8,9,9,0,9,9
Mathis Amougou,Midfielder,Chelsea,4.5,0,0,0,0,0,0,0,0,0,0,0,0,0,0,0,0,0,0,0,0,0,0,0,0,0,0,1,0,0,0,0,0,0,0,0,0,0,0
Aaron Anselmino,Defender,Chelsea,4.0,0,0,0,0,0,0,0,0,0,0,0,0,0,0,0,0,0,0,0,0,0,0,0,0,0,0,0,0,0,0,0,0,0,0,0,0,0,0
Shumaira Mheuka,Forward,Chelsea,4.5,0,0,0,0,0,0,0,0,0,0,0,0,0,0,0,0,0,0,0,0,0,0,0,0,0,0,1,0,0,0,0,0,0,0,0,0,0,0
Ishé Samuels-Smith,Defender,Chelsea,4.0,0,0,0,0,0,0,0,0,0,0,0,0,0,0,0,0,0,0,0,0,0,0,0,0,0,0,0,0,0,0,0,0,0,0,0,0,0,0
Genesis Antwi,Defender,Chelsea,4.0,0,0,0,0,0,0,0,0,0,0,0,0,0,0,0,0,0,0,0,0,0,0,0,0,0,0,0,0,0,0,0,0,0,0,0,0,0,0
Eddie Nketiah,Forward,Crystal Palace,5.9,0,0,0,2,2,2,1,2,1,2,0,0,1,1,0,4,1,0,0,1,1,4,1,0,1,0,6,2,0,1,-2,1,2,0,0,1,13,1
Ben Chilwell,Defender,Crystal Palace,4.6,0,0,0,0,0,0,0,0,0,0,0,0,0,0,0,0,0,0,0,0,0,0,0,0,1,1,0,0,0,1,1,0,0,0,0,1,7,0
Naouirou Ahamada,Midfielder,Crystal Palace,4.5,0,0,0,0,0,0,0,0,0,0,0,0,0,0,0,0,0,0,0,0,0,0,0,0,0,0,0,0,0,0,0,0,0,0,0,0,0,0
Cheick Doucouré,Midfielder,Crystal Palace,4.8,1,0,4,1,0,0,0,0,0,1,1,2,0,0,0,1,1,1,1,2,3,0,0,0,0,0,0,0,0,0,0,0,0,0,0,0,0,0
Chris Richards,Defender,Crystal Palace,4.4,0,1,2,0,6,0,0,0,0,0,0,1,0,1,0,0,0,0,2,2,6,6,1,6,1,7,5,6,0,0,0,0,0,0,2,6,1,2
Chadi Riad Dnanou,Defender,Crystal Palace,4.3,0,1,0,0,0,0,0,0,0,0,0,0,0,0,0,0,0,0,0,0,0,0,0,0,0,0,0,0,0,0,0,0,0,0,0,0,0,0
Nathaniel Clyne,Defender,Crystal Palace,4.3,0,0,2,1,0,0,6,0,0,1,2,1,0,0,0,1,-1,0,0,0,1,1,0,1,0,0,0,0,0,1,0,0,0,0,0,0,0,0
Malcolm Ebiowei,Midfielder,Crystal Palace,4.5,0,0,0,0,0,0,0,0,0,0,0,0,0,0,0,0,0,0,0,0,0,0,0,0,0,0,0,0,0,0,0,0,0,0,0,0,0,0
Eberechi Eze,Midfielder,Crystal Palace,7.0,2,2,10,2,3,2,2,2,6,0,0,0,2,6,2,1,0,2,10,5,6,6,2,1,1,3,5,3,0,2,9,-1,9,0,10,16,6,3
Marc Guéhi,Defender,Crystal Palace,4.7,0,1,2,1,6,9,2,2,6,7,1,1,3,6,1,-1,-1,7,0,2,15,8,1,6,4,5,2,5,0,2,-1,-2,1,0,2,7,0,0
Dean Henderson,Goalkeeper,Crystal Palace,4.6,2,1,4,1,9,1,3,3,8,2,2,7,2,7,1,2,0,7,2,2,7,6,1,6,2,6,2,10,0,2,3,1,1,0,3,6,1,2
Rob Holding,Defender,Crystal Palace,4.2,0,0,0,0,0,0,0,0,0,0,0,0,0,0,0,0,0,0,0,0,0,0,0,0,0,0,0,0,0,0,0,0,0,0,0,0,0,0
Will Hughes,Midfielder,Crystal Palace,4.9,2,0,0,1,0,1,0,2,2,1,0,2,2,2,11,3,2,1,4,0,3,3,2,2,2,5,0,0,0,0,1,0,1,0,1,3,1,3
Daichi Kamada,Midfielder,Crystal Palace,5.1,1,1,2,1,3,2,1,1,1,2,-1,0,0,0,0,1,2,1,1,1,1,3,1,3,1,1,1,1,0,1,2,1,2,0,1,1,1,2
Jefferson Lerma Solís,Midfielder,Crystal Palace,4.8,1,2,0,0,1,2,1,1,1,0,0,1,1,1,2,2,2,3,2,2,1,0,2,3,1,3,0,3,0,7,2,1,2,0,1,2,2,2
Jean-Philippe Mateta,Forward,Crystal Palace,7.5,1,2,2,13,1,2,1,1,8,2,2,5,2,8,2,1,2,2,2,8,8,13,2,13,7,5,8,0,0,1,8,1,8,0,2,1,1,2
Matheus França de Oliveira,Midfielder,Crystal Palace,4.4,0,0,0,0,0,0,0,0,0,0,0,0,0,0,0,0,0,0,0,0,0,0,0,0,0,0,0,0,0,6,0,0,0,0,0,0,1,1
Remi Matthews,Goalkeeper,Crystal Palace,3.9,0,0,0,0,0,0,0,0,0,0,0,0,0,0,0,0,0,0,0,0,0,0,0,0,0,0,0,0,0,0,0,0,0,0,0,0,0,0
Tyrick Mitchell,Defender,Crystal Palace,4.8,1,1,2,4,6,1,1,2,6,1,1,0,1,6,1,11,3,7,2,2,6,6,1,6,1,7,5,6,0,1,2,0,1,0,5,6,0,5
Daniel Muñoz,Defender,Crystal Palace,5.2,4,1,1,1,6,1,1,1,5,3,1,1,11,6,7,1,0,6,2,2,6,6,4,11,1,13,4,6,0,2,8,-1,1,0,1,11,1,2
David Ozoh,Midfielder,Crystal Palace,4.5,0,0,0,0,0,0,0,0,0,0,0,0,0,0,0,0,0,0,0,0,0,0,0,0,0,0,0,0,0,0,0,0,0,0,0,0,0,0
Jesurun Rak-Sakyi,Midfielder,Crystal Palace,4.5,0,0,0,0,0,0,0,0,0,0,0,0,0,0,0,0,0,0,0,0,0,0,0,0,0,0,0,0,0,0,0,0,0,0,0,0,0,0
Jeffrey Schlupp,Midfielder,Crystal Palace,4.6,0,1,1,1,1,1,0,1,0,1,1,1,1,0,0,0,1,0,0,0,0,1,0,0,0,0,0,0,0,0,0,0,0,0,0,0,0,0
Joel Ward,Defender,Crystal Palace,4.3,0,0,0,0,0,0,0,0,0,0,0,0,0,0,0,0,0,0,0,0,0,0,0,0,0,0,0,0,0,0,1,0,0,0,0,0,0,0
Adam Wharton,Midfielder,Crystal Palace,4.7,2,2,2,2,1,2,1,0,3,0,0,0,0,0,0,0,0,0,0,0,0,0,0,1,1,1,2,2,0,1,2,1,5,0,3,0,0,0
Matt Turner,Goalkeeper,Crystal Palace,3.9,0,0,0,0,0,0,0,0,0,0,0,0,0,0,0,0,0,0,0,0,0,0,0,0,0,0,0,0,0,0,0,0,0,0,0,0,0,0
Ismaïla Sarr,Midfielder,Crystal Palace,5.5,1,1,1,4,1,1,1,1,3,2,2,13,2,2,2,17,7,3,2,2,6,3,2,3,2,3,15,11,0,2,2,2,1,0,2,6,5,9
Franco Umeh-Chibueze,Midfielder,Crystal Palace,4.4,0,0,0,0,0,0,0,0,0,0,0,0,0,0,0,0,0,0,0,0,0,0,0,0,0,0,0,0,0,0,0,0,0,0,0,0,0,0
Justin Devenny,Midfielder,Crystal Palace,4.5,0,0,0,0,0,0,0,0,0,0,2,8,1,1,1,1,1,1,0,0,1,1,0,1,1,1,0,1,0,1,1,1,1,0,0,1,4,1
Asher Agbinone,Midfielder,Crystal Palace,4.5,0,0,0,0,0,0,0,1,0,0,1,0,0,0,0,0,0,0,0,0,0,0,0,0,0,0,0,0,0,0,0,0,0,0,0,0,0,0
Kaden Rodney,Midfielder,Crystal Palace,4.5,0,0,0,0,0,0,0,0,0,0,0,0,0,0,0,0,0,0,0,0,0,0,0,0,0,0,0,0,0,0,0,0,0,0,0,0,0,0
Maxence Lacroix,Defender,Crystal Palace,4.5,0,0,0,1,5,4,2,2,5,1,0,1,2,8,7,2,0,6,2,2,8,7,0,10,1,9,2,6,0,2,2,0,1,0,2,6,1,2
Caleb Kporha,Defender,Crystal Palace,4.0,0,0,0,0,0,0,0,0,0,0,1,0,0,0,0,0,1,0,0,0,0,0,0,0,0,0,0,0,0,0,0,0,0,0,0,0,0,0
Zach Marsh,Forward,Crystal Palace,4.5,0,0,0,0,0,0,0,0,0,0,0,0,0,0,0,0,0,0,0,0,0,0,0,0,0,0,0,0,0,0,0,0,0,0,0,0,0,0
Romain Esse,Midfielder,Crystal Palace,4.7,0,0,0,0,0,0,0,0,0,0,0,0,0,0,0,0,0,0,0,0,0,0,8,0,0,0,0,1,0,0,0,1,1,0,0,1,9,1
Oliver Glasner,Manager,Crystal Palace,0.8,0,0,0,0,0,0,0,0,0,0,0,0,0,0,0,0,0,0,0,0,0,0,1,10,1,20,20,9,0,4,8,0,10,0,9,10,10,9
Armando Broja,Forward,Everton,5.3,0,0,0,0,0,0,0,0,0,0,0,0,0,1,0,0,0,1,2,1,0,0,0,0,0,0,0,0,1,1,1,2,2,0,0,0,0,0
Abdoulaye Doucouré,Midfielder,Everton,5.1,2,1,1,0,2,2,3,3,2,0,3,3,2,3,0,3,3,2,2,1,2,1,3,-1,0,12,0,2,2,2,2,10,2,2,0,5,3,1
Norberto Bercique Gomes Betuncal,Forward,Everton,4.8,1,1,1,1,0,0,0,0,7,1,1,1,2,0,0,0,0,0,1,1,1,0,2,8,8,6,2,2,2,1,2,1,1,2,6,8,2,2
Jarrad Branthwaite,Defender,Everton,4.9,0,0,0,0,0,2,0,0,1,1,6,6,0,7,0,6,6,1,0,1,2,1,8,4,2,1,2,2,2,2,2,5,1,2,1,2,6,0
Dominic Calvert-Lewin,Forward,Everton,5.4,2,2,12,6,2,1,2,2,2,2,2,2,1,5,0,2,2,2,1,1,2,5,1,0,0,0,0,0,0,0,0,0,0,0,1,1,1,1
Séamus Coleman,Defender,Everton,4.3,0,0,1,0,0,0,0,0,0,0,0,0,0,0,0,0,1,1,0,0,0,0,0,0,0,0,0,0,0,0,0,0,0,0,0,1,1,0
Idrissa Gueye,Midfielder,Everton,4.8,2,2,2,2,0,1,1,3,2,2,2,3,1,3,0,3,3,2,1,2,1,11,3,1,2,1,2,3,6,2,2,2,2,2,2,2,3,2
James Garner,Midfielder,Everton,4.9,0,0,0,2,1,1,3,0,0,0,0,0,0,0,0,0,0,0,0,0,0,0,1,2,1,1,2,2,2,2,1,3,2,2,2,2,2,2
Jack Harrison,Midfielder,Everton,5.2,2,1,2,2,1,4,3,3,2,1,1,0,1,1,0,3,3,2,1,0,1,0,0,2,2,5,2,10,2,2,6,3,3,2,1,2,1,3
Mason Holgate,Defender,Everton,4.0,1,0,0,0,0,0,0,0,0,0,0,0,0,0,0,0,0,0,0,0,0,0,0,0,0,0,0,0,0,0,0,0,0,0,0,0,0,0
Tim Iroegbunam,Midfielder,Everton,4.3,2,2,1,1,1,0,1,0,0,0,0,0,0,0,0,0,0,0,0,0,0,0,0,4,1,1,1,0,1,1,2,0,0,0,1,1,0,0
João Neves Virgínia,Goalkeeper,Everton,3.8,0,0,0,0,0,0,0,0,0,0,0,0,0,0,0,0,0,0,0,0,0,0,0,0,0,0,0,0,0,0,0,0,0,0,0,0,0,0
Michael Keane,Defender,Everton,3.8,1,0,6,1,1,0,6,14,2,1,0,0,0,0,0,0,0,0,0,0,0,1,0,0,0,0,0,0,0,0,0,0,-1,0,0,9,1,6
Neal Maupay,Forward,Everton,4.9,0,0,0,0,0,0,0,0,0,0,0,0,0,0,0,0,0,0,0,0,0,0,0,0,0,0,0,0,0,0,0,0,0,0,0,0,0,0
Dwight McNeil,Midfielder,Everton,5.1,2,2,6,12,2,15,2,6,2,2,0,3,2,9,0,0,0,0,0,0,0,0,0,0,0,0,0,0,0,0,1,4,1,1,10,4,6,1
Vitalii Mykolenko,Defender,Everton,4.4,1,0,1,1,0,2,0,7,2,2,6,6,-1,11,0,7,7,1,1,2,2,1,6,1,2,1,6,2,2,2,0,6,1,2,0,8,8,9
Iliman Ndiaye,Forward,Everton,5.2,1,1,2,1,8,3,2,9,2,2,2,2,2,2,0,2,1,9,2,2,2,7,8,1,0,0,0,0,0,1,9,2,2,1,2,1,13,2
Nathan Patterson,Defender,Everton,4.4,0,0,0,0,0,0,0,0,0,0,0,0,1,0,0,0,0,1,1,1,0,1,1,0,0,0,0,0,0,0,2,0,0,2,3,0,0,0
Jordan Pickford,Goalkeeper,Everton,5.2,1,1,2,2,2,2,15,6,2,2,11,6,0,6,0,8,7,9,1,4,1,2,5,1,3,1,2,2,3,3,3,9,1,4,2,3,6,11
James Tarkowski,Defender,Everton,4.7,0,0,1,1,2,2,8,6,1,1,8,7,0,6,0,6,6,2,0,2,2,1,7,7,2,1,2,2,2,1,1,7,1,0,0,0,0,0
Youssef Ramalho Chermiti,Forward,Everton,4.9,0,0,0,0,0,0,0,0,0,0,0,0,0,0,0,0,0,0,0,0,0,0,0,0,0,0,0,0,0,1,0,0,0,1,1,0,0,0
Ashley Young,Defender,Everton,4.2,-2,0,0,0,6,5,6,6,6,2,5,9,-1,15,0,5,5,0,1,2,2,0,1,1,4,-1,1,1,0,1,1,0,0,1,1,2,7,5
Carlos Alcaraz Durán,Midfielder,Everton,4.7,1,0,0,0,0,0,0,0,0,0,0,0,0,0,0,0,0,0,0,0,0,0,0,1,13,1,1,0,2,2,0,1,1,1,4,5,1,10
Jesper Lindstrøm,Midfielder,Everton,5.0,0,1,0,1,3,1,0,0,1,2,3,3,2,1,0,1,1,1,1,1,1,3,2,1,2,1,2,5,1,0,0,0,0,0,0,0,0,0
Jake O'Brien,Defender,Everton,4.5,0,0,0,0,0,0,0,0,0,0,0,0,1,0,0,0,0,0,0,0,1,2,5,1,2,0,10,2,10,2,1,6,1,2,0,0,7,6
Harrison Armstrong,Midfielder,Everton,4.4,0,1,0,0,0,0,0,0,0,0,0,0,0,0,0,0,0,0,0,1,0,0,0,0,0,0,0,0,0,0,0,0,0,0,0,0,0,0
Jenson Metcalfe,Midfielder,Everton,4.5,0,0,0,0,0,0,0,0,0,0,0,0,0,0,0,0,0,0,0,0,0,0,0,0,0,0,0,0,0,0,0,0,0,0,0,0,0,0
Asmir Begovic,Goalkeeper,Everton,4.0,0,0,0,0,0,0,0,0,0,0,0,0,0,0,0,0,0,0,0,0,0,0,0,0,0,0,0,0,0,0,0,0,0,0,0,0,0,0
Roman Dixon,Defender,Everton,3.9,0,0,0,0,0,0,0,0,0,0,0,0,0,0,0,0,0,0,0,0,0,0,0,0,0,0,0,0,0,0,0,0,0,0,0,0,0,0
Orel Mangala,Midfielder,Everton,5.0,0,0,0,1,2,2,1,1,1,2,3,1,1,7,0,3,3,1,2,1,2,2,3,0,0,0,0,0,0,0,0,0,0,0,0,0,0,0
Callum Bates,Midfielder,Everton,4.5,0,0,0,0,0,0,0,0,0,0,0,0,0,0,0,0,0,0,0,0,0,0,0,0,0,0,0,0,0,0,0,0,0,0,0,0,0,0
Martin Sherif,Forward,Everton,4.5,0,0,0,0,0,0,0,0,0,0,0,0,0,0,0,0,0,0,0,0,0,0,0,0,0,0,0,0,0,0,0,0,0,0,0,0,0,0
David Moyes,Manager,Everton,0.5,0,0,0,0,0,0,0,0,0,0,0,0,0,0,0,0,0,0,0,0,0,0,19,10,8,5,4,4,4,0,9,19,0,0,5,9,10,19
Isaac Heath,Midfielder,Everton,4.5,0,0,0,0,0,0,0,0,0,0,0,0,0,0,0,0,0,0,0,0,0,0,0,0,0,0,0,0,0,0,0,0,0,0,0,0,0,0
Coby Ebere,Midfielder,Everton,4.5,0,0,0,0,0,0,0,0,0,0,0,0,0,0,0,0,0,0,0,0,0,0,0,0,0,0,0,0,0,0,0,0,0,0,0,0,0,0
Reece Welch,Defender,Everton,4.0,0,0,0,0,0,0,0,0,0,0,0,0,0,0,0,0,0,0,0,0,0,0,0,0,0,0,0,0,0,0,0,0,0,0,0,0,0,0
Reiss Nelson,Midfielder,Fulham,5.0,0,1,0,0,7,1,4,1,1,2,3,2,3,2,0,0,0,0,0,0,0,0,0,0,0,0,0,0,0,0,0,0,0,0,0,0,0,0
Emile Smith Rowe,Midfielder,Fulham,5.0,3,10,2,7,8,3,1,1,6,2,11,1,2,2,1,1,0,0,1,1,2,11,2,2,9,1,0,2,3,2,0,1,0,8,1,5,1,1
Joachim Andersen,Defender,Fulham,4.2,0,0,0,2,2,8,1,-2,0,2,7,0,0,0,0,0,0,1,0,1,1,6,2,1,2,-1,2,0,6,0,1,2,1,2,2,1,0,1
Adama Traoré,Midfielder,Fulham,4.5,3,5,9,2,4,3,2,2,3,4,1,1,0,1,1,1,1,2,1,1,1,6,1,2,6,2,7,0,1,2,1,1,1,5,0,1,9,2
Andreas Hoelgebaum Pereira,Midfielder,Fulham,4.9,1,2,2,3,1,6,8,0,3,2,3,0,0,3,1,6,0,2,5,0,2,0,1,3,1,1,6,2,6,0,2,2,2,1,0,2,0,2
Calvin Bassey,Defender,Fulham,4.5,1,2,2,2,2,6,0,0,2,2,6,-1,2,2,1,0,6,2,1,1,1,6,2,2,8,1,1,1,6,0,1,2,0,2,1,1,1,0
Steven Benda,Goalkeeper,Fulham,3.9,0,0,0,0,0,0,0,0,0,0,0,0,0,0,0,0,0,0,0,0,0,0,0,0,0,0,0,0,0,0,0,0,0,0,0,0,0,0
Tom Cairney,Midfielder,Fulham,4.8,0,0,1,1,0,0,1,1,0,1,1,1,3,0,0,0,3,1,1,2,1,1,1,0,0,1,0,0,1,0,0,0,1,1,0,1,6,2
Timothy Castagne,Defender,Fulham,4.2,0,0,0,0,0,0,1,0,0,1,0,0,1,2,0,1,6,5,1,1,0,6,2,2,2,1,2,1,6,1,1,2,0,0,1,0,0,0
Issa Diop,Defender,Fulham,4.3,2,2,2,0,1,1,0,-2,2,0,0,0,2,2,2,0,6,2,1,1,0,1,0,1,0,1,2,1,0,1,0,0,0,0,0,0,0,0
Luke Harris,Midfielder,Fulham,4.5,0,0,0,0,0,0,0,0,0,0,0,0,0,0,0,0,0,0,0,0,0,0,0,0,0,0,0,0,0,0,0,0,0,0,0,0,0,0
Alex Iwobi,Midfielder,Fulham,5.4,2,8,2,3,7,3,2,2,11,2,5,7,5,15,2,2,3,2,2,2,15,1,2,2,2,2,1,5,3,1,13,2,8,5,2,2,2,1
Bernd Leno,Goalkeeper,Fulham,5.0,3,3,3,2,2,5,2,5,3,2,9,0,2,2,3,1,6,4,3,1,1,7,2,2,2,2,3,1,13,2,1,2,2,2,2,2,6,2
Saša Lukić,Midfielder,Fulham,4.8,2,2,1,2,0,2,2,0,0,0,0,2,1,0,1,2,1,5,2,2,1,5,2,2,2,2,1,0,0,1,1,2,3,1,2,0,2,2
Kevin Mbabu,Defender,Fulham,4.0,0,0,0,0,0,0,0,0,0,0,0,0,0,0,0,0,0,0,0,0,0,0,0,0,0,0,0,0,0,0,0,0,0,0,0,0,0,0
Rodrigo Muniz Carvalho,Forward,Fulham,5.5,2,2,2,1,4,1,6,0,1,0,1,1,1,2,1,7,2,7,1,1,1,1,1,8,1,1,9,1,7,5,7,1,0,0,0,0,0,0
Raúl Jiménez,Forward,Fulham,5.3,1,1,1,9,6,9,5,7,2,2,5,2,2,1,8,2,0,2,9,13,1,2,2,8,5,2,1,8,2,2,1,1,2,1,2,9,9,2
Tim Ream,Defender,Fulham,4.5,0,0,0,0,0,0,0,0,0,0,0,0,0,0,0,0,0,0,0,0,0,0,0,0,0,0,0,0,0,0,0,0,0,0,0,0,0,0
Harrison Reed,Midfielder,Fulham,4.7,1,1,1,1,0,0,0,0,1,0,1,0,0,0,0,0,0,0,0,0,0,0,0,0,1,0,0,1,0,0,1,0,0,0,1,0,0,0
Antonee Robinson,Defender,Fulham,4.7,2,7,4,2,2,7,1,1,2,6,6,0,2,6,1,6,6,1,4,1,7,8,2,4,2,1,0,0,7,1,1,1,1,0,2,0,1,1
Jay Stansfield,Forward,Fulham,5.0,1,0,0,0,0,0,0,0,0,0,0,0,0,0,0,0,0,0,0,0,0,0,0,0,0,0,0,0,0,0,0,0,0,0,0,0,0,0
Kenny Tete,Defender,Fulham,4.4,2,2,2,2,1,5,1,1,2,2,6,3,2,0,5,1,0,0,0,0,0,0,0,0,0,0,0,0,0,0,1,0,6,2,1,1,0,1
Carlos Vinícius Alves Morais,Forward,Fulham,5.0,0,0,0,0,0,0,0,0,0,0,0,0,0,0,0,0,1,0,0,0,0,0,0,0,0,0,0,0,0,0,0,0,1,1,0,0,0,0
Harry Wilson,Midfielder,Fulham,5.2,1,0,1,0,0,0,0,1,1,13,6,1,1,2,1,2,3,6,8,6,2,7,1,0,0,0,0,0,0,0,0,0,1,2,2,2,6,2
Ryan Sessegnon,Defender,Fulham,4.2,0,0,0,0,0,0,0,0,0,0,0,0,1,0,0,0,0,1,0,0,0,0,0,1,1,0,8,1,7,4,7,1,11,11,0,1,1,1
Jorge Cuenca Barreno,Defender,Fulham,4.4,0,0,0,0,0,0,0,0,1,0,0,0,0,1,1,1,0,0,0,0,0,0,0,0,0,0,2,0,0,1,0,0,0,0,0,0,1,1
Josh King,Midfielder,Fulham,4.4,0,0,0,0,0,0,0,0,0,0,0,0,0,1,0,0,3,0,1,0,1,1,0,0,0,0,0,0,0,0,0,0,0,0,0,1,1,1
Martial Godo,Midfielder,Fulham,4.4,0,0,0,0,0,0,0,0,0,0,0,0,0,0,0,0,1,0,0,0,0,0,0,0,0,0,0,0,0,0,0,0,0,0,0,1,0,0
Sander Berge,Midfielder,Fulham,5.0,0,0,1,1,1,1,2,2,2,2,3,0,2,1,4,1,3,0,0,0,0,3,2,2,2,0,1,2,3,2,2,1,2,1,1,1,1,1
Samuel Amissah,Defender,Fulham,4.0,0,0,0,0,0,0,0,0,0,0,0,0,0,0,0,0,0,0,0,0,0,0,0,0,0,0,0,0,0,0,0,0,0,0,0,0,0,0
Marco Alexandre Saraiva da Silva,Manager,Fulham,1.1,0,0,0,0,0,0,0,0,0,0,0,0,0,0,0,0,0,0,0,0,0,0,0,18,18,0,8,1,10,1,19,0,1,8,0,1,9,0
Willian Borges da Silva,Midfielder,Fulham,5.0,0,0,0,0,0,0,0,0,0,0,0,0,0,0,0,0,0,0,0,0,0,0,0,0,1,1,1,1,3,1,0,1,0,2,1,1,0,0
Julio Enciso,Midfielder,Ipswich,5.4,0,1,1,1,0,1,1,1,1,0,0,0,0,0,0,1,1,3,1,0,0,1,3,2,1,0,0,2,2,5,1,13,1,2,9,2,2,0
Ali Al-Hamadi,Forward,Ipswich,4.7,1,0,0,0,0,0,0,0,0,0,0,1,0,1,1,1,0,1,1,1,0,0,0,0,0,0,0,0,0,0,0,0,0,0,0,0,0,0
Elkan Baggott,Defender,Ipswich,4.0,0,0,0,0,0,0,0,0,0,0,0,0,0,0,0,0,0,0,0,0,0,0,0,0,0,0,0,0,0,0,0,0,0,0,0,0,0,0
Nathan Broadhead,Midfielder,Ipswich,4.9,0,0,0,0,0,0,0,0,0,0,0,0,1,1,0,0,1,1,3,1,2,0,1,2,0,1,1,1,1,7,3,1,0,0,0,0,1,8
Cameron Burgess,Defender,Ipswich,3.8,0,0,0,0,0,0,0,1,0,2,2,2,2,0,4,2,0,0,0,0,0,-1,0,0,0,0,0,0,1,2,1,1,0,1,4,2,0,0
Wes Burns,Midfielder,Ipswich,4.7,0,0,0,1,2,1,2,2,1,1,0,5,1,2,1,2,2,0,3,1,2,0,1,0,0,0,0,0,0,0,0,0,0,0,0,0,0,0
Conor Chaplin,Midfielder,Ipswich,5.1,2,1,1,1,1,0,1,1,5,2,0,1,2,1,7,5,2,0,0,0,0,0,0,0,0,0,0,0,0,0,1,0,1,1,1,1,1,2
Harry Clarke,Defender,Ipswich,4.0,0,0,0,0,0,0,0,1,-5,0,0,0,1,2,0,1,0,1,0,0,0,0,0,0,0,0,0,0,0,0,0,0,0,0,0,0,0,0
Leif Davis,Defender,Ipswich,4.2,1,0,7,6,2,2,0,1,2,10,1,2,2,2,1,2,0,1,5,0,1,-1,0,1,0,0,1,2,0,0,1,2,-4,0,0,0,1,1
Liam Delap,Forward,Ipswich,5.6,2,2,7,1,1,12,6,2,5,2,11,2,2,2,1,1,0,2,11,8,1,2,1,9,8,2,1,2,2,9,8,1,1,1,1,2,1,0
George Edmundson,Defender,Ipswich,4.0,0,1,0,0,0,0,0,0,0,0,0,0,0,0,0,0,0,0,0,0,0,0,0,0,0,0,0,0,0,0,0,0,0,0,0,0,0,0
Jacob Greaves,Defender,Ipswich,3.8,1,0,2,6,2,0,0,0,0,0,0,0,0,1,0,0,0,2,6,1,1,0,6,1,1,0,1,1,0,0,0,0,0,0,1,2,1,1
Marcus Myers-Harness,Midfielder,Ipswich,4.9,1,1,0,0,0,0,0,0,0,0,0,0,0,0,0,0,0,0,0,0,0,0,0,0,0,0,0,0,0,0,0,0,0,0,0,0,0,0
George Hirst,Forward,Ipswich,5.4,0,0,0,1,1,1,1,1,11,0,1,0,0,0,0,0,0,0,0,0,1,1,1,1,1,1,1,1,5,1,1,2,2,1,5,0,2,2
Cameron Humphreys,Midfielder,Ipswich,4.5,0,0,0,0,0,0,0,0,0,0,0,0,0,0,0,0,0,0,0,0,0,0,0,0,0,0,0,0,0,0,0,0,0,0,0,0,0,0
Omari Giraud-Hutchinson,Midfielder,Ipswich,5.2,1,2,2,2,1,6,2,2,0,3,1,9,2,2,2,2,1,2,9,0,2,2,2,2,4,9,2,1,2,0,0,0,0,0,5,2,2,2
Ben Johnson,Defender,Ipswich,3.8,0,3,0,0,1,0,0,0,0,2,1,0,0,0,1,1,1,2,1,1,0,-1,1,0,2,0,0,1,0,2,1,12,0,-3,0,1,0,0
Freddie Ladapo,Forward,Ipswich,4.5,0,0,0,0,0,0,0,0,0,0,0,0,0,0,0,0,0,0,0,0,0,0,0,0,0,0,0,0,0,0,0,0,0,0,0,0,0,0
Massimo Luongo,Midfielder,Ipswich,4.3,2,2,0,1,0,1,0,0,0,0,1,0,0,0,0,0,0,0,0,0,0,1,0,0,1,0,0,0,0,0,0,0,1,1,0,0,1,1
Sam Morsy,Midfielder,Ipswich,4.8,2,1,1,2,9,1,2,2,0,8,2,2,2,2,2,2,1,0,2,1,1,2,2,2,0,1,-1,0,0,2,2,1,2,2,1,2,2,2
Corrie Ndaba,Defender,Ipswich,4.0,0,0,0,0,0,0,0,0,0,0,0,0,0,0,0,0,0,0,0,0,0,0,0,0,0,0,0,0,0,0,0,0,0,0,0,0,0,0
Cieran Slicker,Goalkeeper,Ipswich,3.9,0,0,0,0,0,0,0,0,0,0,0,0,0,0,0,0,0,0,0,0,0,0,0,0,0,0,0,0,0,0,0,0,0,0,0,0,0,0
Jack Taylor,Midfielder,Ipswich,4.8,1,1,0,0,0,1,1,0,0,0,0,1,1,1,2,6,1,1,1,1,1,1,0,1,1,1,1,1,1,1,1,1,1,2,2,1,1,1
Axel Tuanzebe,Defender,Ipswich,3.9,1,0,2,6,2,0,0,0,0,0,1,2,1,0,0,0,0,0,0,0,0,1,0,1,-2,0,4,0,0,2,2,-1,0,0,1,2,1,1
Christian Walton,Goalkeeper,Ipswich,4.3,2,0,0,0,0,0,0,0,0,0,0,0,0,0,0,0,0,0,9,1,2,0,0,0,0,0,0,0,0,0,0,0,0,0,0,0,0,2
Luke Woolfenden,Defender,Ipswich,3.9,0,0,2,0,0,0,0,1,1,0,0,0,0,0,0,0,0,2,6,1,0,0,0,0,1,0,0,2,0,0,0,0,0,1,1,0,0,0
Kalvin Phillips,Midfielder,Ipswich,4.8,0,0,2,2,0,2,2,2,2,-1,0,0,0,0,0,0,1,2,1,1,2,0,2,0,1,2,0,1,1,1,0,0,0,0,1,0,0,0
Arijanet Muric,Goalkeeper,Ipswich,4.4,0,0,3,11,2,1,2,3,2,2,3,3,3,2,2,5,1,3,0,0,0,0,0,1,0,0,0,0,0,0,0,0,0,0,0,0,0,0
Jaden Philogene,Midfielder,Ipswich,5.3,0,0,0,1,0,1,3,-2,0,1,1,1,1,1,1,0,0,0,0,0,0,1,2,1,0,2,15,3,2,0,1,1,0,0,0,0,0,0
Conor Townsend,Defender,Ipswich,3.9,0,0,0,0,0,0,0,0,1,0,0,0,0,0,0,0,0,0,0,0,0,0,1,0,2,0,0,0,0,4,2,1,0,0,0,0,0,0
Sam Szmodics,Midfielder,Ipswich,5.7,1,6,2,1,2,1,1,1,7,3,9,2,2,0,2,0,2,2,1,7,0,0,0,0,0,0,1,0,0,0,0,0,0,0,0,0,0,1
Jens Cajuste,Midfielder,Ipswich,4.5,0,0,1,0,2,0,0,0,2,0,2,2,1,2,1,2,2,2,3,2,2,2,0,2,2,1,2,2,9,2,2,2,2,0,1,1,2,5
Dara O'Shea,Defender,Ipswich,3.8,0,0,0,7,1,1,0,1,0,2,2,2,1,1,1,2,0,2,5,0,1,-1,0,1,2,0,0,2,3,2,4,1,0,1,1,2,1,1
Jack Clarke,Midfielder,Ipswich,5.4,0,0,1,1,1,5,1,2,1,1,1,1,1,2,1,4,0,1,0,1,1,2,0,1,1,4,2,3,4,1,0,2,1,1,1,1,2,1
Chiedozie Ogbene,Midfielder,Ipswich,4.8,0,0,2,1,0,2,1,0,1,0,0,0,0,0,0,0,0,0,0,0,0,0,0,0,0,0,0,0,0,0,0,0,0,0,0,0,0,0
Ben Godfrey,Defender,Ipswich,4.0,0,0,0,0,0,0,0,0,0,0,0,0,0,0,0,0,0,0,0,0,0,0,0,0,0,-1,0,0,0,0,0,0,0,0,0,0,0,0
Kieran McKenna,Manager,Ipswich,0.5,0,0,0,0,0,0,0,0,0,0,0,0,0,0,0,0,0,0,0,0,0,0,1,1,9,1,2,0,2,18,1,10,0,0,5,0,0,1
Alex Palmer,Goalkeeper,Ipswich,4.5,0,0,0,0,0,0,0,0,0,0,0,0,0,0,0,0,0,0,0,0,0,0,0,0,4,0,2,3,0,3,1,2,1,1,1,3,1,0
Somto Boniface,Defender,Ipswich,4.0,0,0,0,0,0,0,0,0,0,0,0,0,0,0,0,0,0,0,0,0,0,0,0,0,0,0,0,0,0,0,0,0,0,0,0,0,0,0
Tom Taylor,Midfielder,Ipswich,4.5,0,0,0,0,0,0,0,0,0,0,0,0,0,0,0,0,0,0,0,0,0,0,0,0,0,0,0,0,0,0,0,0,0,0,0,0,0,0
Facundo Buonanotte,Midfielder,Leicester,4.5,2,5,6,0,0,4,11,6,2,1,1,0,8,3,0,1,1,1,2,1,2,1,0,0,1,0,2,1,1,1,1,0,1,1,0,7,0,1
Jordan Ayew,Midfielder,Leicester,5.1,0,1,2,1,2,1,2,6,0,7,2,7,2,1,2,0,2,7,0,2,1,2,2,2,2,1,0,0,1,1,0,0,0,1,8,2,3,2
Odsonne Edouard,Forward,Leicester,5.1,1,2,0,0,1,1,1,0,0,0,1,0,0,0,0,0,0,0,0,0,0,0,0,0,0,0,0,0,0,0,0,0,0,0,0,0,0,0
Boubakary Soumaré,Midfielder,Leicester,4.4,1,0,0,0,0,0,0,0,0,1,2,1,2,1,1,0,1,2,1,1,2,2,2,2,2,2,2,2,2,2,2,2,2,1,1,1,3,2
Tom Cannon,Forward,Leicester,4.5,0,0,0,0,0,0,0,0,0,0,0,0,0,0,0,0,0,0,0,0,0,0,0,0,0,0,0,0,0,0,0,0,0,0,0,0,0,0
Hamza Choudhury,Midfielder,Leicester,4.4,0,0,0,1,0,0,0,0,0,0,0,0,0,0,0,1,1,0,1,0,0,0,0,0,0,0,0,0,0,0,0,0,0,0,0,0,0,0
Conor Coady,Defender,Leicester,4.0,0,0,0,0,0,0,0,0,0,0,0,0,0,2,1,0,1,1,1,1,0,0,1,0,0,1,0,2,1,1,1,0,2,1,8,7,7,0
Patson Daka,Forward,Leicester,4.8,0,0,0,0,0,0,0,0,0,0,0,1,1,7,1,1,0,2,1,1,1,1,1,1,1,0,1,2,2,2,1,1,1,0,1,0,1,2
Bobby De Cordova-Reid,Midfielder,Leicester,5.2,2,2,1,0,0,1,1,1,0,0,0,4,1,1,11,1,1,1,0,1,0,0,7,2,2,0,2,1,0,0,0,1,3,1,0,0,0,0
Wout Faes,Defender,Leicester,3.8,1,7,1,1,2,0,6,1,1,2,1,0,0,1,1,0,1,0,0,1,1,0,2,0,1,0,1,2,1,1,1,0,2,0,7,1,7,1
Michael Golding,Midfielder,Leicester,4.4,0,0,0,0,0,0,0,0,0,0,0,0,0,0,0,0,0,0,0,0,0,0,0,0,0,0,0,0,0,0,0,0,0,0,1,0,0,0
Mads Hermansen,Goalkeeper,Leicester,4.4,3,2,2,1,3,4,6,3,1,2,1,2,0,4,2,2,0,0,0,0,0,0,0,1,2,1,1,10,1,2,1,1,4,1,0,0,0,0
Daniel Iversen,Goalkeeper,Leicester,3.9,0,0,0,0,0,0,0,0,0,0,0,0,0,0,0,0,0,0,0,0,0,0,0,0,0,0,0,0,0,0,0,0,0,0,0,0,0,0
James Justin,Defender,Leicester,4.1,2,1,1,1,2,12,10,1,1,0,1,1,-1,2,1,0,0,1,2,1,1,1,1,1,1,0,1,2,1,0,0,1,1,0,7,0,12,1
Victor Kristiansen,Defender,Leicester,4.4,2,0,1,1,2,0,6,0,0,2,-1,1,0,5,1,0,1,1,1,0,1,1,2,0,1,0,1,2,1,0,0,0,0,0,0,1,0,1
Wanya Marçal-Madivádua,Midfielder,Leicester,4.5,0,0,0,0,0,0,0,0,0,0,0,0,0,0,0,0,0,0,0,0,0,0,0,0,0,0,0,0,0,0,0,0,0,0,0,0,0,0
Stephy Mavididi,Midfielder,Leicester,5.0,1,1,1,7,10,2,3,2,1,1,0,1,1,1,1,1,2,5,2,7,2,2,0,1,1,1,1,1,1,0,1,9,2,0,0,0,0,0
Kasey McAteer,Midfielder,Leicester,4.7,1,1,1,0,0,0,0,0,0,1,1,2,0,6,2,2,0,0,0,0,1,0,0,0,0,0,0,0,1,0,0,2,0,0,3,2,7,2
Wilfred Ndidi,Midfielder,Leicester,4.9,2,2,5,8,2,2,2,2,2,2,2,1,2,2,1,0,0,0,0,0,0,0,0,0,2,2,2,2,1,2,1,2,1,1,3,2,6,0
Caleb Okoli,Defender,Leicester,4.0,0,0,0,1,2,1,7,1,1,0,0,1,0,0,0,0,0,1,1,1,0,0,0,1,1,0,0,0,0,1,0,6,0,0,0,1,0,0
Ricardo Barbosa Pereira,Defender,Leicester,4.1,0,0,0,0,0,0,0,0,0,2,0,0,0,0,0,0,0,0,0,0,0,0,0,0,0,0,0,1,0,1,1,1,2,1,0,0,1,0
Harry Souttar,Defender,Leicester,4.0,0,0,0,0,0,0,0,0,0,0,0,0,0,0,0,0,0,0,0,0,0,0,0,0,0,0,0,0,0,0,0,0,0,0,0,0,0,0
Jakub Stolarczyk,Goalkeeper,Leicester,4.0,0,0,0,0,0,0,0,0,0,0,0,0,0,0,0,0,0,2,2,2,1,1,2,0,0,0,0,0,0,0,0,0,0,0,6,1,6,2
Luke Thomas,Defender,Leicester,3.9,0,0,0,0,0,0,0,0,0,0,0,0,0,0,0,0,0,0,0,1,0,0,0,0,0,0,1,2,1,0,1,1,2,1,6,0,6,5
Jamie Vardy,Forward,Leicester,5.4,8,2,1,8,2,1,2,6,8,5,0,2,5,4,12,1,2,0,2,5,2,2,9,1,2,2,2,2,2,0,2,2,2,0,9,5,8,0
Jannik Vestergaard,Defender,Leicester,3.9,2,0,0,0,0,0,0,0,0,2,1,0,0,1,1,-1,-1,0,1,2,1,0,2,0,0,1,-1,0,0,0,0,0,0,0,0,0,0,0
Danny Ward,Goalkeeper,Leicester,3.9,0,0,0,0,0,0,0,0,0,0,0,0,0,0,0,1,1,0,0,0,0,0,0,0,0,0,0,0,0,0,0,0,0,0,0,0,0,0
Harry Winks,Midfielder,Leicester,4.3,2,2,1,2,2,2,0,3,4,2,2,1,0,0,0,0,1,2,2,2,2,2,1,2,0,0,1,1,1,0,0,0,0,0,0,0,0,0
Oliver Skipp,Midfielder,Leicester,4.7,0,1,1,2,0,1,3,1,0,0,0,1,1,0,1,1,1,1,0,0,1,1,1,0,0,1,0,0,0,0,0,0,1,0,2,1,1,3
Abdul Fatawu,Midfielder,Leicester,5.1,8,2,2,1,1,1,1,4,2,2,2,0,0,0,0,0,0,0,0,0,0,0,0,0,0,0,0,0,0,0,0,0,0,0,0,0,0,0
Will Alves,Midfielder,Leicester,4.4,0,0,0,0,0,0,0,0,0,0,0,0,0,0,0,0,0,0,1,0,0,0,0,0,0,0,0,0,0,0,0,0,0,0,0,0,0,0
Ben Nelson,Defender,Leicester,4.0,0,0,0,0,0,0,0,0,0,0,0,0,0,0,0,0,0,0,0,0,0,0,0,0,0,0,0,0,0,0,0,0,0,0,0,0,0,0
Bilal El Khannouss,Midfielder,Leicester,4.8,0,0,1,0,1,1,0,2,1,1,1,2,0,14,2,2,1,2,1,2,2,2,9,2,1,2,2,2,1,1,2,5,2,2,6,5,3,0
Henry Cartwright,Midfielder,Leicester,4.5,0,0,0,0,0,0,0,0,0,0,0,0,0,0,0,0,0,0,0,0,0,0,0,0,0,0,0,0,0,0,0,0,0,0,0,0,0,0
Thomas Wilson-Brown,Defender,Leicester,4.0,0,0,0,0,0,0,0,0,0,0,0,0,0,0,0,0,0,0,0,0,0,0,0,0,0,0,0,0,0,0,0,0,0,0,0,0,0,0
Woyo Coulibaly,Defender,Leicester,4.0,0,0,0,0,0,0,0,0,0,0,0,0,0,0,0,0,0,0,0,0,0,0,1,1,0,-1,0,0,0,0,0,0,0,0,0,0,0,0
Ruud van Nistelrooij,Manager,Leicester,0.5,0,0,0,0,0,0,0,0,0,0,0,0,0,0,0,0,0,0,0,0,0,0,8,0,0,0,0,0,0,0,0,10,0,0,10,10,10,0
Jeremy Monga,Midfielder,Leicester,4.5,0,0,0,0,0,0,0,0,0,0,0,0,0,0,0,0,0,0,0,0,0,0,0,0,0,0,0,0,0,0,1,0,1,1,1,1,1,1
Olabade Aluko,Defender,Leicester,4.0,0,0,0,0,0,0,0,0,0,0,0,0,0,0,0,0,0,0,0,0,0,0,0,0,0,0,0,0,0,0,0,0,0,0,0,0,0,1
Jake Evans,Midfielder,Leicester,4.5,0,0,0,0,0,0,0,0,0,0,0,0,0,0,0,0,0,0,0,0,0,0,0,0,0,0,0,0,0,0,0,1,0,0,1,0,1,1
Sammy Braybrooke,Midfielder,Leicester,4.5,0,0,0,0,0,0,0,0,0,0,0,0,0,0,0,0,0,0,0,0,0,0,0,0,0,0,0,0,0,0,0,0,0,0,0,0,0,0
Alisson Ramses Becker,Goalkeeper,Liverpool,5.5,7,6,8,2,0,2,10,0,0,0,0,0,0,0,0,1,1,2,6,1,2,9,2,1,1,8,6,3,0,0,0,3,6,2,2,2,4,3
Trent Alexander-Arnold,Defender,Liverpool,7.2,8,6,6,1,11,1,8,2,1,2,1,0,8,6,0,1,4,2,15,0,2,11,5,1,7,6,6,2,0,0,0,0,6,5,0,1,0,1
Stefan Bajčetić Maquieira,Midfielder,Liverpool,4.5,0,0,0,0,0,0,0,0,0,0,0,0,0,0,0,0,0,0,0,0,0,0,0,0,0,0,0,0,0,0,0,0,0,0,0,0,0,0
Conor Bradley,Defender,Liverpool,4.7,1,1,1,1,0,0,0,0,0,1,6,0,0,0,0,0,0,0,0,1,0,0,0,1,1,0,0,0,0,0,4,9,5,0,1,1,4,1
Bobby Clark,Midfielder,Liverpool,4.5,0,0,0,0,0,0,0,0,0,0,0,0,0,0,0,0,0,0,0,0,0,0,0,0,0,0,0,0,0,0,0,0,0,0,0,0,0,0
Darwin Núñez Ribeiro,Forward,Liverpool,7.0,0,1,1,1,6,0,0,1,4,2,7,2,1,1,0,3,1,2,0,0,0,11,1,1,1,0,1,10,0,0,1,0,0,1,1,1,1,1
Diogo Teixeira da Silva,Midfielder,Liverpool,7.2,8,6,3,1,0,8,8,1,0,0,0,0,0,0,0,8,1,1,6,1,7,0,0,1,5,0,3,1,0,7,2,1,1,1,1,1,0,1
Ben Doak,Midfielder,Liverpool,4.5,0,0,0,0,0,0,0,0,0,0,0,0,0,0,0,0,0,0,0,0,0,0,0,0,0,0,0,0,0,0,0,0,0,0,0,0,0,0
Harvey Elliott,Midfielder,Liverpool,5.2,0,1,0,0,0,0,0,0,0,0,0,0,1,0,0,1,1,1,1,1,0,4,1,0,0,1,0,1,0,0,1,0,1,0,2,1,13,1
Endo Wataru,Midfielder,Liverpool,4.6,0,1,0,0,0,0,1,0,1,1,1,1,0,0,0,0,0,1,1,0,0,0,1,0,0,1,1,1,0,1,0,1,0,1,2,0,1,1
Cody Gakpo,Forward,Liverpool,7.2,0,1,1,1,1,1,4,2,1,9,1,1,9,2,0,9,1,12,5,6,2,2,16,2,0,1,1,0,0,1,1,1,1,7,2,9,2,7
Joe Gomez,Defender,Liverpool,4.7,0,0,0,0,0,1,0,1,0,1,0,0,6,1,0,1,1,1,1,0,0,0,0,0,0,0,0,0,0,0,0,0,0,0,0,0,0,0
Ryan Gravenberch,Midfielder,Liverpool,5.0,3,2,3,1,3,3,3,2,2,2,3,5,2,1,0,2,2,2,4,2,2,3,3,2,2,3,3,2,0,3,5,2,3,5,0,2,2,-1
Curtis Jones,Midfielder,Liverpool,5.3,0,0,0,1,1,1,3,13,2,4,3,2,1,7,0,1,1,8,6,2,1,1,0,1,2,3,1,1,0,3,2,3,1,1,2,2,1,2
Caoimhin Kelleher,Goalkeeper,Liverpool,3.9,0,0,0,0,9,0,0,2,1,3,6,7,7,2,0,0,0,0,0,0,0,0,0,0,0,0,0,0,0,6,2,0,0,0,0,0,0,0
Ibrahima Konaté,Defender,Liverpool,5.3,1,7,6,2,8,7,6,1,1,1,6,0,0,0,0,0,0,0,0,1,2,6,5,1,1,6,6,2,0,6,1,2,9,2,0,1,1,2
Luis Díaz,Midfielder,Liverpool,7.5,3,14,15,3,16,2,1,1,5,1,3,1,6,1,0,1,13,0,9,1,1,3,3,2,1,3,8,6,0,9,6,9,3,7,0,8,1,2
Mohamed Salah,Midfielder,Liverpool,13.6,14,10,17,2,6,10,3,12,10,9,14,13,13,18,0,5,21,9,16,7,2,3,8,13,12,14,6,15,0,3,2,6,3,8,2,2,2,10
Alexis Mac Allister,Midfielder,Liverpool,6.2,3,3,3,1,3,2,0,0,1,1,3,1,3,1,0,0,7,8,3,10,2,3,3,8,2,3,8,1,0,3,9,5,3,10,4,1,0,0
James McConnell,Midfielder,Liverpool,4.3,0,0,0,0,0,0,0,0,0,0,0,0,0,0,0,0,0,0,0,0,0,0,0,0,0,0,0,0,0,0,0,0,0,0,0,0,0,0
Tyler Morton,Midfielder,Liverpool,4.4,0,0,0,0,0,0,0,0,0,0,0,0,0,0,0,0,0,0,0,0,0,0,0,0,0,0,0,0,0,0,0,0,0,0,0,0,0,0
Nathaniel Phillips,Defender,Liverpool,4.0,0,0,0,0,0,0,0,0,0,0,0,0,0,0,0,0,0,0,0,0,0,0,0,0,0,0,0,0,0,0,0,0,0,0,0,0,0,0
Jarell Quansah,Defender,Liverpool,3.9,1,0,0,0,0,0,0,0,0,0,0,0,1,0,0,1,0,0,1,0,0,0,0,0,1,1,1,1,0,0,0,1,0,0,-2,0,1,0
Rhys Williams,Defender,Liverpool,4.0,0,0,0,0,0,0,0,0,0,0,0,0,0,0,0,0,0,0,0,0,0,0,0,0,0,0,0,0,0,0,0,0,0,0,0,0,0,0
Andrew Robertson,Defender,Liverpool,5.8,6,6,6,1,6,2,1,2,1,0,8,1,6,1,0,-3,1,1,6,1,2,1,2,1,1,6,0,1,0,7,1,-1,0,2,0,4,0,2
Dominik Szoboszlai,Midfielder,Liverpool,6.1,7,2,6,1,3,2,1,1,1,2,1,10,3,1,0,2,17,0,0,0,2,2,13,2,2,13,11,1,0,3,1,1,3,9,1,5,7,2
Konstantinos Tsimikas,Defender,Liverpool,4.6,1,0,1,1,0,0,6,0,1,3,0,0,0,0,0,0,0,1,1,0,4,5,0,1,0,1,6,0,0,0,0,1,8,0,1,0,1,0
Virgil van Dijk,Defender,Liverpool,6.7,6,7,5,2,6,2,8,2,7,5,6,1,6,1,0,1,1,2,6,1,2,6,2,1,1,6,7,2,0,8,1,9,7,2,6,1,0,1
Federico Chiesa,Midfielder,Liverpool,6.8,0,0,0,0,1,0,0,0,0,0,0,0,0,0,0,0,0,0,0,0,0,1,1,0,0,0,0,0,0,0,1,0,0,0,1,0,2,0
Vítezslav Jaros,Goalkeeper,Liverpool,4.0,0,0,0,0,0,0,1,0,0,0,0,0,0,0,0,0,0,0,0,0,0,0,0,0,0,0,0,0,0,0,0,0,0,0,0,0,0,0
Harvey Davies,Goalkeeper,Liverpool,4.0,0,0,0,0,0,0,0,0,0,0,0,0,0,0,0,0,0,0,0,0,0,0,0,0,0,0,0,0,0,0,0,0,0,0,0,0,0,0
Treymaurice Nyoni,Midfielder,Liverpool,4.5,0,0,0,0,0,0,0,0,0,0,0,0,0,0,0,0,0,0,0,0,0,0,0,0,0,0,0,0,0,0,0,0,0,0,0,0,0,0
Amara Nallo,Defender,Liverpool,4.0,0,0,0,0,0,0,0,0,0,0,0,0,0,0,0,0,0,0,0,0,0,0,0,0,0,0,0,0,0,0,0,0,0,0,0,0,0,0
Jayden Danns,Forward,Liverpool,4.5,0,0,0,0,0,0,0,0,0,0,0,0,0,0,0,0,0,0,0,0,0,0,1,0,0,0,0,0,0,0,0,0,0,0,0,0,0,0
Arne Slot,Manager,Liverpool,1.5,0,0,0,0,0,0,0,0,0,0,0,0,0,0,0,0,0,0,0,0,0,0,10,5,5,10,10,9,0,9,2,8,9,11,1,5,2,4
Manuel Akanji,Defender,Man City,5.3,6,2,1,2,1,2,2,0,6,1,0,-1,0,1,0,0,1,2,7,2,1,6,2,0,0,0,0,0,0,0,0,0,1,0,1,6,2,6
Nathan Aké,Defender,Man City,5.3,0,0,1,0,0,0,0,0,0,1,0,0,1,6,0,0,0,2,6,6,1,0,0,0,0,1,0,0,0,0,0,0,0,0,0,0,0,0
Bernardo Veiga de Carvalho e Silva,Midfielder,Man City,6.1,6,2,7,1,1,2,6,2,3,2,1,1,2,8,5,2,2,9,3,2,2,0,1,2,0,0,1,2,1,0,2,0,9,0,3,3,11,3
Oscar Bobb,Midfielder,Man City,4.7,0,0,0,0,0,0,0,0,0,0,0,0,0,0,0,0,0,0,0,0,0,0,0,0,0,0,0,0,0,1,0,1,0,0,0,0,1,0
Scott Carson,Goalkeeper,Man City,3.9,0,0,0,0,0,0,0,0,0,0,0,0,0,0,0,0,0,0,0,0,0,0,0,0,0,0,0,0,0,0,0,0,0,0,0,0,0,0
Kevin De Bruyne,Midfielder,Man City,9.5,3,12,1,2,0,0,0,0,0,0,1,0,1,14,2,6,0,1,3,5,7,12,1,1,0,2,0,1,1,0,3,12,2,0,11,3,3,1
Jérémy Doku,Midfielder,Man City,6.2,3,2,2,0,2,1,6,5,0,1,0,0,1,13,1,3,1,5,0,0,0,12,0,0,1,2,3,2,1,3,1,1,4,0,6,1,1,3
Ederson Santana de Moraes,Goalkeeper,Man City,5.3,8,2,2,7,0,2,0,2,6,2,1,1,0,0,0,1,0,0,0,0,0,7,8,0,11,1,11,3,0,6,6,4,0,0,6,6,1,7
Phil Foden,Midfielder,Man City,9.1,1,0,0,0,1,1,2,4,3,2,2,2,1,0,0,2,9,2,6,8,15,19,7,2,3,2,1,3,1,0,1,0,0,0,1,3,0,1
Jack Grealish,Midfielder,Man City,6.4,0,0,2,2,1,7,2,1,0,0,0,1,1,3,1,1,1,0,0,1,0,1,0,0,0,0,1,0,0,9,1,1,0,0,0,0,1,0
Joško Gvardiol,Defender,Man City,6.5,7,2,2,1,1,9,1,10,9,7,1,0,0,6,1,7,0,2,6,2,1,6,8,0,6,1,7,2,1,6,9,1,1,0,8,6,2,8
Erling Haaland,Forward,Man City,14.9,7,17,17,13,9,2,2,2,6,2,5,2,2,5,7,2,2,0,8,13,2,6,12,6,5,0,8,2,7,0,0,0,0,0,0,2,2,6
Julián Álvarez,Forward,Man City,7.0,0,0,0,0,0,0,0,0,0,0,0,0,0,0,0,0,0,0,0,0,0,0,0,0,0,0,0,0,0,0,0,0,0,0,0,0,0,0
João Cavaco Cancelo,Defender,Man City,5.3,0,0,0,0,0,0,0,0,0,0,0,0,0,0,0,0,0,0,0,0,0,0,0,0,0,0,0,0,0,0,0,0,0,0,0,0,0,0
Mateo Kovačić,Midfielder,Man City,5.4,11,1,2,0,6,1,15,2,2,2,3,0,0,0,0,1,2,2,3,2,3,13,1,2,1,1,3,1,0,0,3,10,2,0,3,3,2,0
Rico Lewis,Defender,Man City,4.3,6,2,6,1,0,2,4,2,6,1,0,0,1,1,4,0,0,2,6,2,0,1,0,0,6,1,0,1,1,1,1,1,0,0,1,6,0,0
Matheus Luiz Nunes,Midfielder,Man City,4.9,0,1,4,1,0,0,1,1,6,2,2,0,0,1,7,2,0,0,0,0,2,2,5,2,1,0,3,2,0,3,3,0,8,0,3,0,5,6
James McAtee,Midfielder,Man City,4.6,0,1,0,0,0,0,0,0,0,0,0,0,0,1,0,0,0,0,1,1,1,6,0,1,6,1,1,0,0,1,0,6,2,0,1,1,0,0
Stefan Ortega Moreno,Goalkeeper,Man City,5.2,0,0,0,0,0,0,0,0,0,0,0,0,2,7,1,0,2,2,6,3,2,0,0,0,0,0,0,0,1,0,0,1,2,0,0,0,0,0
Rodrigo 'Rodri' Hernandez,Midfielder,Man City,6.2,0,0,0,1,1,0,0,0,0,0,0,0,0,0,0,0,0,0,0,0,0,0,0,0,0,0,0,0,0,0,0,0,0,0,0,0,1,0
Rúben Gato Alves Dias,Defender,Man City,5.5,6,1,0,1,0,1,1,2,7,0,0,0,1,6,1,1,0,0,0,0,0,6,0,0,0,1,6,2,1,6,5,1,2,0,7,9,2,7
John Stones,Defender,Man City,5.3,0,1,0,1,7,0,1,9,1,0,0,0,0,0,0,0,1,0,0,0,0,0,1,0,7,0,0,0,0,0,0,0,0,0,0,0,0,0
Kyle Walker,Defender,Man City,5.1,0,0,1,2,1,2,1,0,0,0,1,0,1,1,1,0,1,0,1,0,0,0,0,0,0,0,0,0,0,0,0,0,0,0,0,0,0,0
Sávio 'Savinho' Moreira de Oliveira,Midfielder,Man City,6.0,1,9,0,1,7,1,0,1,6,0,3,2,1,1,2,1,1,3,14,13,5,0,0,5,6,2,3,3,0,9,0,1,0,0,0,1,0,1
Nico O'Reilly,Midfielder,Man City,4.9,0,0,0,0,0,0,0,0,0,0,0,0,0,0,0,0,0,0,0,0,0,1,0,0,1,0,0,0,0,3,3,8,2,0,1,1,0,0
Ilkay Gündogan,Midfielder,Man City,6.3,0,1,1,2,2,2,2,2,1,5,3,2,1,2,2,2,2,1,0,1,1,3,2,0,6,1,1,0,7,3,3,5,2,0,3,0,6,14
Issa Kaboré,Defender,Man City,4.5,0,0,0,0,0,0,0,0,0,0,0,0,0,0,0,0,0,0,0,0,0,0,0,0,0,0,0,0,0,0,0,0,0,0,0,0,0,0
Jacob Wright,Midfielder,Man City,4.5,0,0,0,0,0,0,0,0,0,0,0,0,0,0,0,0,0,0,0,0,0,0,0,0,0,0,0,0,0,0,0,0,0,0,0,0,0,0
Jahmai Simpson-Pusey,Defender,Man City,4.0,0,0,0,0,0,0,0,0,0,0,0,0,0,0,0,0,0,1,0,0,0,0,0,0,0,0,0,0,0,0,0,0,0,0,0,0,0,0
Josh Wilson-Esbrand,Defender,Man City,4.0,0,0,0,0,0,0,0,0,0,0,0,0,0,0,0,0,0,0,0,0,0,0,0,0,0,0,0,0,0,0,0,0,0,0,0,0,0,0
Divin Mubama,Forward,Man City,4.5,0,0,0,0,0,0,0,0,0,0,0,0,0,0,0,0,0,0,0,0,0,1,0,0,0,0,0,0,0,0,0,0,0,0,0,0,0,0
Max Alleyne,Defender,Man City,4.0,0,0,0,0,0,0,0,0,0,0,0,0,0,0,0,0,0,0,0,0,0,0,0,0,0,0,0,0,0,0,0,0,0,0,0,0,0,0
Spike Brits,Goalkeeper,Man City,4.0,0,0,0,0,0,0,0,0,0,0,0,0,0,0,0,0,0,0,0,0,0,0,0,0,0,0,0,0,0,0,0,0,0,0,0,0,0,0
Abdukodir Khusanov,Defender,Man City,5.0,0,0,0,0,0,0,0,0,0,0,0,0,0,0,0,0,0,0,0,0,0,0,0,0,6,1,6,2,-1,0,0,0,0,0,0,0,0,0
Vitor de Oliveira Nunes dos Reis,Defender,Man City,4.5,0,0,0,0,0,0,0,0,0,0,0,0,0,0,0,0,0,0,0,0,0,0,0,0,0,0,0,0,0,1,0,0,0,0,0,0,0,0
Pep Guardiola,Manager,Man City,1.5,0,0,0,0,0,0,0,0,0,0,0,0,0,0,0,0,0,0,0,0,0,0,9,1,12,0,9,0,5,10,5,11,8,0,9,5,9,10
Omar Marmoush,Forward,Man City,7.4,0,0,0,0,0,0,0,0,0,0,0,0,0,0,0,0,0,0,0,0,0,0,2,2,17,2,2,1,12,9,2,7,2,0,2,1,8,2
Nico González,Midfielder,Man City,6.0,0,0,0,0,0,0,0,0,0,0,0,0,0,0,0,0,0,0,0,0,0,0,0,0,3,2,3,2,2,2,0,4,0,0,1,0,6,3
Claudio Echeverri,Midfielder,Man City,5.8,0,0,0,0,0,0,0,0,0,0,0,0,0,0,0,0,0,0,0,0,0,0,0,0,0,0,0,0,0,0,0,0,0,0,0,0,0,1
Amad Diallo,Midfielder,Man Utd,5.3,3,6,1,6,3,1,0,0,1,0,6,8,11,1,5,13,2,2,2,9,20,2,3,2,0,0,0,0,0,0,0,0,0,0,6,2,1,13
Antony Matheus dos Santos,Midfielder,Man Utd,5.7,0,1,0,0,0,0,1,0,0,0,0,0,0,1,0,1,0,1,1,0,1,1,0,0,0,0,0,0,0,0,0,0,0,0,0,0,0,0
Bruno Borges Fernandes,Midfielder,Man Utd,8.4,3,2,2,5,3,-2,3,5,2,10,17,2,9,2,9,9,2,-2,0,7,4,8,3,1,2,10,10,9,17,2,3,2,1,4,0,2,1,7
Altay Bayindir,Goalkeeper,Man Utd,4.3,0,0,0,0,0,0,0,0,0,0,0,0,0,0,0,0,0,0,0,0,0,0,0,0,0,0,0,0,0,0,0,0,0,0,1,1,0,6
Carlos Henrique Casimiro,Midfielder,Man Utd,4.6,3,2,1,1,0,1,1,2,10,1,3,1,3,0,0,0,0,1,2,0,0,0,0,0,1,2,1,2,1,0,3,0,0,2,0,0,2,2
Diogo Dalot Teixeira,Defender,Man Utd,5.0,7,1,1,11,9,0,6,1,1,1,1,2,6,1,1,2,1,1,1,0,0,1,7,1,2,1,4,2,11,2,5,3,1,0,0,0,0,1
Christian Eriksen,Midfielder,Man Utd,5.2,0,0,1,2,3,1,2,2,2,0,1,2,0,0,0,0,0,1,2,0,4,0,0,1,0,0,1,2,3,0,0,2,1,1,4,1,0,6
Jonny Evans,Defender,Man Utd,4.4,1,0,0,1,0,0,9,1,0,0,1,1,0,0,0,0,0,0,0,0,0,0,0,0,0,0,0,0,0,0,0,0,0,0,0,0,0,1
Alejandro Garnacho,Midfielder,Man Utd,5.9,4,1,2,6,2,2,3,10,2,2,6,2,1,1,4,0,1,1,1,1,3,1,3,2,2,1,1,5,8,1,3,6,2,2,12,1,1,0
Hannibal Mejbri,Midfielder,Man Utd,4.5,0,0,0,0,0,0,0,0,0,0,0,0,0,0,0,0,0,0,0,0,0,0,0,0,0,0,0,0,0,0,0,0,0,0,0,0,0,0
Tom Heaton,Goalkeeper,Man Utd,3.9,0,0,0,0,0,0,0,0,0,0,0,0,0,0,0,0,0,0,0,0,0,0,0,0,0,0,0,0,0,0,0,0,0,0,0,0,0,0
Rasmus Højlund,Forward,Man Utd,6.9,0,0,0,0,1,1,2,8,2,5,2,1,0,2,8,1,1,2,2,2,1,1,1,1,2,2,1,1,7,1,2,1,2,9,0,2,2,2
Victor Lindelöf,Defender,Man Utd,4.3,0,0,0,0,0,0,0,1,1,1,0,0,0,0,0,1,0,0,0,0,0,0,0,0,0,0,1,2,6,0,1,0,2,1,1,1,2,6
Harry Maguire,Defender,Man Utd,4.9,5,2,1,0,0,0,0,0,0,0,0,0,1,0,1,2,1,1,1,0,1,0,8,0,2,1,8,0,0,1,1,0,0,2,0,1,2,6
Kobbie Mainoo,Midfielder,Man Utd,5.2,3,1,1,2,3,1,2,0,0,0,0,0,2,0,2,2,2,2,1,2,1,2,1,2,0,0,0,0,0,0,0,1,1,2,2,2,1,1
Tyrell Malacia,Defender,Man Utd,4.4,0,0,0,0,0,0,0,0,0,0,0,0,0,0,0,0,1,0,0,0,0,0,1,0,0,0,0,0,0,0,0,0,0,0,0,0,0,0
Lisandro Martínez,Defender,Man Utd,4.3,7,1,0,6,5,0,0,2,1,1,6,0,5,0,1,6,1,1,0,7,1,0,15,2,0,0,0,0,0,0,0,0,0,0,0,0,0,0
Scott McTominay,Midfielder,Man Utd,4.9,1,1,0,0,0,0,0,0,0,0,0,0,0,0,0,0,0,0,0,0,0,0,0,0,0,0,0,0,0,0,0,0,0,0,0,0,0,0
Mason Mount,Midfielder,Man Utd,6.3,2,1,0,0,0,0,0,0,0,0,0,1,1,1,1,1,0,0,0,0,0,0,0,0,0,0,0,0,0,1,0,1,1,1,6,1,3,3
André Onana,Goalkeeper,Man Utd,4.9,6,1,1,13,9,3,6,2,1,2,9,3,6,2,1,2,1,1,1,2,3,1,6,1,4,3,1,3,7,2,11,0,2,2,0,0,2,0
Facundo Pellistri Rebollo,Midfielder,Man Utd,5.0,0,0,0,0,0,0,0,0,0,0,0,0,0,0,0,0,0,0,0,0,0,0,0,0,0,0,0,0,0,0,0,0,0,0,0,0,0,0
Luke Shaw,Defender,Man Utd,4.9,0,0,0,0,0,0,0,0,0,0,0,1,1,0,0,0,0,0,0,0,0,0,0,0,0,0,0,0,0,0,0,1,0,1,-2,1,2,0
Joshua Zirkzee,Forward,Man Utd,6.5,8,1,1,2,2,1,1,1,4,1,1,1,13,1,1,1,1,1,1,1,1,5,1,1,2,2,1,2,1,2,1,1,0,0,0,0,0,0
Leny Yoro,Defender,Man Utd,4.3,0,0,0,0,0,0,0,0,0,0,0,0,0,1,1,1,0,1,1,1,2,0,1,1,0,1,0,1,0,2,5,-1,1,2,0,1,0,0
Matthijs de Ligt,Defender,Man Utd,4.8,1,1,0,15,6,1,1,2,0,2,6,2,1,1,1,2,0,0,1,0,2,1,1,1,2,1,7,2,6,2,0,0,0,0,0,0,0,0
Noussair Mazraoui,Defender,Man Utd,4.2,8,4,1,6,6,0,1,1,2,2,8,2,1,1,1,2,1,1,1,1,2,1,6,2,2,1,0,2,6,2,7,0,2,2,0,1,1,1
Toby Collyer,Midfielder,Man Utd,4.5,0,0,1,0,0,0,0,0,0,0,0,0,0,0,0,0,0,0,0,0,1,1,1,0,0,0,0,1,1,0,0,0,0,0,0,0,0,0
Ethan Wheatley,Forward,Man Utd,4.5,0,0,0,0,0,0,0,0,0,0,0,0,0,0,0,0,0,0,0,0,0,0,0,0,0,0,0,0,0,0,0,0,0,0,0,0,0,0
Manuel Ugarte,Midfielder,Man Utd,4.9,0,0,0,1,1,1,0,1,0,1,3,1,1,1,2,2,0,1,0,2,-1,1,2,1,0,8,2,0,3,1,3,1,1,4,4,1,0,0
Ayden Heaven,Defender,Man Utd,4.0,0,0,0,0,0,0,0,0,0,0,0,0,0,0,0,0,0,0,0,0,0,0,0,0,0,0,0,1,1,0,0,0,0,0,0,0,0,8
Jack Fletcher,Midfielder,Man Utd,4.5,0,0,0,0,0,0,0,0,0,0,0,0,0,0,0,0,0,0,0,0,0,0,0,0,0,0,0,0,0,0,0,0,0,0,0,0,0,0
Harry Amass,Defender,Man Utd,4.0,0,0,0,0,0,0,0,0,0,0,0,0,0,0,0,0,0,0,0,0,0,0,0,0,0,0,0,0,1,0,0,0,2,0,0,1,0,0
Jayce Fitzgerald,Midfielder,Man Utd,4.5,0,0,0,0,0,0,0,0,0,0,0,0,0,0,0,0,0,0,0,0,0,0,0,0,0,0,0,0,0,0,0,0,0,0,0,0,0,0
Godwill Kukonki,Defender,Man Utd,4.0,0,0,0,0,0,0,0,0,0,0,0,0,0,0,0,0,0,0,0,0,0,0,0,0,0,0,0,0,0,0,0,0,0,0,0,0,0,0
Ruben Filipe Marques Diogo Amorim,Manager,Man Utd,0.8,0,0,0,0,0,0,0,0,0,0,0,0,0,0,0,0,0,0,0,0,0,0,9,0,0,5,9,9,11,0,10,1,0,9,3,0,0,20
Elyh Harrison,Goalkeeper,Man Utd,4.0,0,0,0,0,0,0,0,0,0,0,0,0,0,0,0,0,0,0,0,0,0,0,0,0,0,0,0,0,0,0,0,0,0,0,0,0,0,0
Patrick Dorgu,Defender,Man Utd,4.5,0,0,0,0,0,0,0,0,0,0,0,0,0,0,0,0,0,0,0,0,0,0,0,0,1,1,-3,0,0,2,6,0,0,1,0,1,2,7
Chido Obi-Martin,Forward,Man Utd,4.5,0,0,0,0,0,0,0,0,0,0,0,0,0,0,0,0,0,0,0,0,0,0,0,0,1,0,0,0,1,0,0,0,1,1,2,0,0,1
Tyler Fredricson,Defender,Man Utd,4.0,0,0,0,0,0,0,0,0,0,0,0,0,0,0,0,0,0,0,0,0,0,0,0,0,0,0,0,0,0,0,0,0,2,0,0,0,0,0
Jack Moorhouse,Midfielder,Man Utd,4.5,0,0,0,0,0,0,0,0,0,0,0,0,0,0,0,0,0,0,0,0,0,0,0,0,0,0,0,0,0,0,0,0,0,0,0,0,0,0
Sékou Koné,Midfielder,Man Utd,4.5,0,0,0,0,0,0,0,0,0,0,0,0,0,0,0,0,0,0,0,0,0,0,0,0,0,0,0,0,0,0,0,0,0,0,0,0,0,0
Hubert Graczyk,Goalkeeper,Man Utd,4.0,0,0,0,0,0,0,0,0,0,0,0,0,0,0,0,0,0,0,0,0,0,0,0,0,0,0,0,0,0,0,0,0,0,0,0,0,0,0
Dermot Mee,Goalkeeper,Man Utd,4.0,0,0,0,0,0,0,0,0,0,0,0,0,0,0,0,0,0,0,0,0,0,0,0,0,0,0,0,0,0,0,0,0,0,0,0,0,0,0
Alex Murphy,Defender,Newcastle,4.0,0,0,0,0,0,0,0,0,0,0,0,0,0,0,0,0,0,0,0,0,0,0,0,0,0,0,0,0,0,0,0,0,0,0,0,0,0,0
Miguel Almirón Rejala,Midfielder,Newcastle,5.4,0,1,1,0,0,0,1,1,2,0,0,0,0,0,1,0,1,0,0,0,1,0,1,0,0,0,0,0,0,0,0,0,0,0,0,0,0,0
Harvey Barnes,Midfielder,Newcastle,5.9,1,5,9,8,10,2,3,1,2,1,7,1,2,1,7,1,1,1,1,1,0,0,0,0,0,1,1,6,0,5,8,12,5,3,2,3,2,2
Sven Botman,Defender,Newcastle,4.4,0,0,0,0,0,0,0,0,0,0,0,0,0,0,0,0,0,0,0,1,6,0,0,0,0,0,0,0,0,0,0,0,0,1,1,1,2,6
Bruno Guimarães Rodriguez Moura,Midfielder,Newcastle,6.2,3,2,1,7,2,1,3,2,2,3,2,2,2,8,2,7,7,3,3,6,6,9,2,2,1,2,2,11,0,2,3,2,1,3,2,7,2,2
Dan Burn,Defender,Newcastle,4.6,5,1,0,1,1,2,8,1,1,6,1,0,4,1,0,6,6,6,7,1,6,0,2,0,0,1,1,5,0,2,6,5,-2,13,2,11,1,2
Martin Dúbravka,Goalkeeper,Newcastle,4.0,0,0,0,0,0,0,0,0,0,0,0,0,0,0,0,6,6,6,6,3,10,2,3,1,1,0,0,0,0,0,0,0,0,0,0,0,0,0
Anthony Gordon,Midfielder,Newcastle,7.4,3,10,2,2,2,9,1,2,0,6,2,2,5,8,1,6,6,10,6,7,9,2,5,1,2,2,2,0,0,0,0,1,1,1,1,3,2,1
Lewis Hall,Defender,Newcastle,4.7,5,1,1,2,1,2,5,1,4,8,2,1,2,1,1,15,7,6,12,2,6,4,2,1,0,9,1,0,0,0,0,0,0,0,0,0,0,0
Isaac Hayden,Midfielder,Newcastle,4.4,0,0,0,0,0,0,0,0,0,0,0,0,0,0,0,0,0,0,0,0,0,0,0,0,0,0,0,0,0,0,0,0,0,0,0,0,0,0
Alexander Isak,Forward,Newcastle,9.4,5,2,9,1,2,0,0,2,6,9,11,2,1,11,8,11,17,8,7,7,16,2,13,2,2,13,0,2,0,8,2,6,2,6,9,2,0,2
Jacob Murphy,Midfielder,Newcastle,5.2,1,1,4,1,4,2,3,2,1,0,0,1,0,2,7,13,13,6,3,5,3,2,6,8,2,7,1,3,0,5,16,14,2,6,1,5,2,2
Joelinton Cássio Apolinário de Lira,Midfielder,Newcastle,6.0,11,1,1,0,2,1,3,2,2,3,10,2,2,2,1,2,0,13,10,1,3,1,2,1,0,0,0,3,0,2,6,6,1,0,0,0,0,0
Lloyd Kelly,Defender,Newcastle,4.2,1,2,4,1,0,0,0,0,1,1,0,0,0,0,0,0,0,0,0,1,0,0,0,1,0,0,0,0,0,0,0,0,0,0,0,0,0,0
Emil Krafth,Defender,Newcastle,4.3,6,2,2,0,0,0,0,0,0,0,0,0,0,0,0,0,0,0,0,0,0,0,0,0,1,0,0,0,0,1,1,1,1,0,1,0,0,0
Garang Kuol,Midfielder,Newcastle,4.4,0,0,0,0,0,0,0,0,0,0,0,0,0,0,0,0,0,0,0,0,0,0,0,0,0,0,0,0,0,0,0,0,0,0,0,0,0,0
Jamaal Lascelles,Defender,Newcastle,4.5,0,0,0,0,0,0,0,0,0,0,0,0,0,0,0,0,0,0,0,0,0,0,0,0,0,0,0,0,0,0,0,0,0,0,0,0,0,0
Jamal Lewis,Defender,Newcastle,4.0,0,0,0,0,0,0,0,0,0,0,0,0,0,0,0,0,0,0,0,0,0,0,0,0,0,0,0,0,0,0,0,0,0,0,0,0,0,0
Tino Livramento,Defender,Newcastle,4.6,7,1,2,2,1,1,1,2,1,7,2,1,2,1,0,6,6,0,1,2,6,0,2,2,1,0,1,7,0,2,11,6,0,6,2,7,2,2
Sean Longstaff,Midfielder,Newcastle,4.4,3,2,1,1,0,1,1,1,0,3,5,1,1,1,2,1,1,0,0,1,0,0,1,0,1,0,1,1,0,0,1,1,0,0,0,1,0,0
Lewis Miley,Midfielder,Newcastle,5.0,0,0,0,0,0,0,0,0,0,0,0,0,0,0,0,0,1,1,0,0,1,0,1,1,1,8,1,0,0,1,1,0,0,1,0,1,1,0
Odysseas Vlachodimos,Goalkeeper,Newcastle,4.2,0,0,0,0,0,0,0,0,0,0,0,0,0,0,0,0,0,0,0,0,0,0,0,0,0,0,0,0,0,0,0,0,0,0,0,0,0,0
Nick Pope,Goalkeeper,Newcastle,5.0,9,3,4,3,3,3,6,3,2,5,2,2,2,0,1,0,0,0,0,0,0,0,0,0,0,1,1,6,0,2,6,12,2,6,2,7,3,3
John Ruddy,Goalkeeper,Newcastle,3.9,0,0,0,0,0,0,0,0,0,0,0,0,0,0,0,0,0,0,0,0,0,0,0,0,0,0,0,0,0,0,0,0,0,0,0,0,0,0
Fabian Schär,Defender,Newcastle,5.5,-2,0,0,8,1,1,5,2,0,5,2,1,2,7,0,6,6,6,5,0,0,0,2,1,0,1,1,6,0,1,10,14,5,6,6,5,2,1
Matt Targett,Defender,Newcastle,3.9,0,0,0,0,0,0,0,0,0,0,0,0,0,0,0,0,0,1,0,0,0,0,0,0,0,0,0,0,0,0,0,0,1,0,0,0,0,0
Sandro Tonali,Midfielder,Newcastle,5.5,0,0,1,1,1,1,3,2,1,0,4,1,2,1,1,3,3,3,3,2,3,2,9,1,2,1,2,3,0,10,3,6,2,3,2,11,2,2
Kieran Trippier,Defender,Newcastle,5.6,0,1,0,1,1,2,8,0,0,0,0,1,0,0,1,1,1,5,1,0,1,0,0,1,0,0,1,8,0,2,6,10,0,15,2,0,0,1
Joe White,Midfielder,Newcastle,4.5,0,0,0,0,0,0,0,0,0,0,0,0,0,0,0,0,0,0,0,0,0,0,0,0,0,0,0,0,0,0,0,0,0,0,0,0,0,0
Joe Willock,Midfielder,Newcastle,4.7,0,1,0,4,1,1,1,1,1,2,2,1,2,1,0,1,3,1,1,1,1,1,1,1,1,5,2,1,0,1,0,1,1,3,1,0,0,1
Callum Wilson,Forward,Newcastle,6.9,0,0,0,0,0,0,0,0,0,0,0,1,0,1,1,0,0,0,0,0,0,0,0,0,1,1,2,1,0,1,1,1,1,1,1,1,2,1
Miodrag Pivaš,Defender,Newcastle,4.0,0,0,0,0,0,0,0,0,0,0,0,0,0,0,0,0,0,0,0,0,0,0,0,0,0,0,0,0,0,0,0,0,0,0,0,0,0,0
William Osula,Forward,Newcastle,4.9,0,0,0,0,1,0,0,1,1,0,1,0,0,0,0,1,0,1,0,0,1,1,0,1,0,0,1,0,0,0,1,0,0,6,0,0,1,1
Eddie Howe,Manager,Newcastle,1.5,0,0,0,0,0,0,0,0,0,0,0,0,0,0,0,0,0,0,0,0,0,0,9,1,0,10,0,9,0,8,11,13,1,11,4,10,0,0
Sean Neave,Forward,Newcastle,4.5,0,0,0,0,0,0,0,0,0,0,0,0,0,0,0,0,0,0,0,0,0,0,0,0,0,0,0,0,0,0,0,0,0,0,0,0,0,0
Álex Moreno Lopera,Defender,Nott'm Forest,4.2,0,0,0,6,0,2,2,6,1,9,1,1,1,1,0,0,0,0,0,0,1,0,0,0,0,0,0,0,0,1,0,2,0,0,0,0,0,0
Ola Aina,Defender,Nott'm Forest,5.3,1,9,2,8,0,2,2,6,2,15,1,0,8,1,1,2,15,6,8,6,2,4,1,6,1,0,6,6,1,1,0,0,0,1,1,0,2,1
Elliot Anderson,Midfielder,Nott'm Forest,5.0,1,3,6,3,1,1,2,2,5,3,1,0,3,1,5,7,3,2,3,2,2,8,2,3,2,1,3,3,5,3,2,2,10,1,2,1,2,1
Taiwo Awoniyi,Forward,Nott'm Forest,5.5,1,1,1,0,0,1,0,1,1,1,1,2,0,1,1,0,1,1,1,5,1,1,1,1,0,0,1,1,1,2,0,0,1,1,0,1,0,0
Willy Boly,Defender,Nott'm Forest,4.2,2,1,0,0,0,0,0,0,0,0,0,0,0,0,0,1,0,0,0,0,0,0,0,1,0,0,0,0,0,0,1,0,0,0,0,0,0,0
Josh Bowler,Midfielder,Nott'm Forest,4.5,0,0,0,0,0,0,0,0,0,0,0,0,0,0,0,0,0,0,0,0,0,0,0,0,0,0,0,0,0,0,0,0,0,0,0,0,0,0
Carlos Miguel dos Santos Pereira,Goalkeeper,Nott'm Forest,4.1,0,0,0,0,0,0,0,0,0,0,0,0,0,0,0,0,0,0,0,0,0,0,0,0,0,0,0,0,0,0,0,0,0,0,0,0,0,0
Eric da Silva Moreira,Midfielder,Nott'm Forest,4.3,0,0,0,0,0,0,0,0,0,1,0,0,0,1,0,0,0,0,0,0,0,0,0,0,0,0,0,0,0,0,0,0,0,0,0,0,0,0
Danilo dos Santos de Oliveira,Midfielder,Nott'm Forest,4.7,1,0,0,0,0,0,0,0,0,0,0,0,0,0,0,0,0,0,0,0,0,0,0,3,2,0,1,0,1,1,0,0,1,0,0,0,1,0
Emmanuel Dennis,Forward,Nott'm Forest,4.9,0,0,0,0,0,0,0,0,0,0,0,0,0,0,0,0,0,0,0,0,0,0,0,0,0,0,0,0,0,0,0,0,0,0,0,0,0,0
Nicolás Domínguez,Midfielder,Nott'm Forest,4.8,1,0,0,1,0,1,1,2,1,3,2,2,1,1,1,2,0,0,3,0,1,2,1,1,0,1,3,3,2,1,2,3,4,1,1,2,2,2
Anthony Elanga,Midfielder,Nott'm Forest,5.5,1,3,2,3,1,1,1,3,2,3,5,1,1,2,1,6,9,11,6,6,7,2,2,13,2,2,3,3,16,11,1,1,4,2,2,7,5,2
Morgan Gibbs-White,Midfielder,Nott'm Forest,6.5,2,10,1,3,-1,0,2,0,0,3,1,0,2,1,13,8,2,6,10,8,1,5,2,16,5,5,3,5,5,3,2,2,1,1,1,13,11,2
Callum Hudson-Odoi,Midfielder,Nott'm Forest,5.1,3,3,2,7,4,1,2,3,2,10,1,2,3,0,5,2,3,3,0,6,2,6,0,0,1,8,3,10,3,0,2,2,1,1,0,0,1,1
Alex Mighten,Midfielder,Nott'm Forest,4.5,0,0,0,0,0,0,0,0,0,0,0,0,0,0,0,0,0,0,0,0,0,0,0,0,0,0,0,0,0,0,0,0,0,0,0,0,0,0
Murillo Santiago Costa dos Santos,Defender,Nott'm Forest,4.7,2,7,2,6,1,1,2,8,2,6,7,1,7,0,1,2,5,8,0,9,3,1,0,5,1,0,6,8,1,9,1,2,2,1,10,0,1,2
Neco Williams,Defender,Nott'm Forest,4.5,1,6,2,1,0,1,0,1,1,0,0,1,6,0,0,2,11,6,6,6,2,1,1,12,1,0,9,6,1,5,4,2,2,0,5,1,4,2
Omar Richards,Defender,Nott'm Forest,4.5,0,0,0,0,0,0,0,0,0,0,0,0,0,0,0,0,0,0,0,0,0,0,0,0,0,0,0,0,0,0,0,0,0,0,0,0,0,0
Lewis O'Brien,Midfielder,Nott'm Forest,5.0,0,0,0,0,0,0,0,0,0,0,0,0,0,0,0,0,0,0,0,0,0,0,0,0,0,0,0,0,0,0,0,0,0,0,0,0,0,0
Andrew Omobamidele,Defender,Nott'm Forest,4.2,0,0,0,0,0,0,0,0,0,0,0,0,0,0,0,0,0,0,0,0,0,0,0,0,0,0,0,0,0,0,0,0,0,0,0,0,0,0
Jonathan Panzo,Defender,Nott'm Forest,4.0,0,0,0,0,0,0,0,0,0,0,0,0,0,0,0,0,0,0,0,0,0,0,0,0,0,0,0,0,0,0,0,0,0,0,0,0,0,0
Ibrahim Sangaré,Midfielder,Nott'm Forest,4.3,2,2,0,0,0,0,0,0,0,0,0,0,0,0,0,0,0,0,0,0,0,0,0,4,1,1,0,1,0,1,0,0,0,1,1,2,3,1
Matz Sels,Goalkeeper,Nott'm Forest,5.2,3,6,2,9,1,2,3,11,5,6,2,2,6,2,2,2,7,8,6,9,3,1,1,8,3,0,6,8,1,8,3,3,2,1,1,2,3,2
Harry Toffolo,Defender,Nott'm Forest,4.2,1,0,0,0,0,0,0,0,0,0,0,0,0,0,0,0,1,0,1,0,0,0,0,0,0,0,0,0,0,0,0,0,1,0,0,0,0,0
Hwang Ui-jo,Forward,Nott'm Forest,4.5,0,0,0,0,0,0,0,0,0,0,0,0,0,0,0,0,0,0,0,0,0,0,0,0,0,0,0,0,0,0,0,0,0,0,0,0,0,0
Chris Wood,Forward,Nott'm Forest,7.2,9,1,9,2,8,2,8,7,13,7,2,1,9,2,8,2,2,2,12,8,9,12,2,17,9,5,2,2,2,0,0,2,8,2,2,8,2,2
Joe Worrall,Defender,Nott'm Forest,4.5,0,0,0,0,0,0,0,0,0,0,0,0,0,0,0,0,0,0,0,0,0,0,0,0,0,0,0,0,0,0,0,0,0,0,0,0,0,0
Ryan Yates,Midfielder,Nott'm Forest,4.8,7,1,1,2,1,1,2,3,8,3,1,1,3,1,2,2,1,2,0,1,1,1,1,0,0,5,1,0,1,6,2,1,0,2,0,1,1,1
Nikola Milenković,Defender,Nott'm Forest,5.2,0,6,2,6,1,2,5,6,1,6,1,1,6,0,7,9,6,6,6,6,2,1,0,6,1,5,5,6,11,6,1,2,2,1,2,1,8,2
João Pedro Ferreira Silva,Midfielder,Nott'm Forest,5.9,0,1,1,1,3,1,1,1,1,1,1,1,6,2,1,1,0,1,1,1,1,1,1,6,1,0,0,0,6,0,5,1,0,1,0,1,1,1
Ramón Sosa,Midfielder,Nott'm Forest,5.5,0,0,1,0,6,1,0,1,1,1,1,1,1,1,0,0,0,1,3,0,0,1,0,0,0,0,0,0,0,1,1,0,1,1,1,0,0,0
Felipe Rodrigues da Silva,Defender,Nott'm Forest,4.5,0,0,0,1,1,0,1,1,1,0,0,0,1,1,1,1,6,1,8,1,1,1,-1,6,1,0,0,1,0,1,0,0,1,0,0,0,0,0
Zach Abbott,Defender,Nott'm Forest,4.0,0,0,0,0,0,0,0,0,0,0,0,0,0,0,0,0,0,0,0,0,0,0,0,0,0,0,0,0,0,0,0,0,0,0,0,0,0,0
Wayne Hennessey,Goalkeeper,Nott'm Forest,4.0,0,0,0,0,0,0,0,0,0,0,0,0,0,0,0,0,0,0,0,0,0,0,0,0,0,0,0,0,0,0,0,0,0,0,0,0,0,0
Nuno Herlander Simões Espírito Santo,Manager,Nott'm Forest,1.1,0,0,0,0,0,0,0,0,0,0,0,0,0,0,0,0,0,0,0,0,0,0,0,15,1,3,5,9,10,9,1,0,8,0,4,5,8,0
Aaron Ramsdale,Goalkeeper,Southampton,4.4,0,0,2,3,3,2,2,1,4,9,0,0,0,0,0,0,10,2,3,1,3,1,0,3,2,1,2,2,1,2,2,16,3,2,1,10,1,3
Cameron Archer,Forward,Southampton,4.8,1,1,1,0,1,1,7,9,2,2,2,1,2,2,2,1,1,0,1,1,0,1,1,0,1,2,1,1,1,1,2,2,1,1,1,1,1,1
Lesley Ugochukwu,Midfielder,Southampton,4.4,0,0,0,2,1,1,0,0,0,1,0,1,0,0,0,0,0,2,1,2,2,3,2,2,1,1,0,2,2,3,1,2,10,2,1,0,0,2
Ryan Fraser,Midfielder,Southampton,4.8,0,0,0,1,1,1,0,-2,0,0,0,2,1,2,0,0,0,0,0,0,0,0,1,0,0,0,0,0,0,0,0,0,0,0,0,0,0,0
Samuel Amo-Ameyaw,Midfielder,Southampton,4.4,1,0,0,0,0,0,0,0,0,0,0,0,0,0,0,0,0,0,0,0,0,0,0,0,0,0,0,0,0,0,0,0,0,0,0,0,0,0
Joe Aribo,Midfielder,Southampton,4.9,2,2,2,0,1,1,2,9,1,1,2,1,1,8,1,2,1,1,1,2,3,1,2,10,3,2,2,1,2,1,2,0,0,0,0,1,1,0
Adam Armstrong,Forward,Southampton,5.1,2,1,1,0,1,0,1,0,0,7,2,7,5,1,2,2,2,2,5,1,1,1,1,0,0,0,0,0,0,0,0,0,0,0,0,0,0,0
Gavin Bazunu,Goalkeeper,Southampton,4.3,0,0,0,0,0,0,0,0,0,0,0,0,0,0,0,0,0,0,0,0,0,0,0,0,0,0,0,0,0,0,0,0,0,0,0,0,0,0
Jan Bednarek,Defender,Southampton,4.0,2,1,1,1,2,1,0,1,2,5,1,0,0,0,0,0,8,2,0,0,2,7,7,1,1,1,0,1,0,1,1,0,2,1,1,7,0,0
Armel Bella-Kotchap,Defender,Southampton,3.9,0,0,0,0,0,0,0,0,0,0,0,0,0,0,0,0,0,0,0,0,0,0,0,0,0,0,0,1,1,0,0,0,0,0,0,0,0,0
James Bree,Defender,Southampton,3.9,0,0,0,0,0,0,0,0,1,0,0,0,0,0,1,0,1,1,1,1,1,1,4,2,1,0,0,0,0,0,0,0,0,1,0,6,1,0
Shea Charles,Midfielder,Southampton,4.5,0,0,0,0,0,0,0,0,0,0,0,0,0,0,0,0,0,0,0,0,0,0,0,0,0,0,0,0,0,0,0,0,0,0,0,0,0,0
Samuel Edozie,Midfielder,Southampton,4.9,0,1,0,0,0,0,0,0,0,0,0,0,0,0,0,0,0,0,0,0,0,0,0,0,0,0,0,0,0,0,0,0,0,0,0,0,0,0
Ronnie Edwards,Defender,Southampton,3.9,0,0,0,0,0,0,0,0,0,0,0,0,0,1,0,0,0,0,0,0,0,0,0,0,0,0,0,0,0,0,0,0,0,0,0,0,0,0
Taylor Harwood-Bellis,Defender,Southampton,3.9,1,2,0,1,2,7,1,0,2,6,0,1,1,0,2,0,8,2,0,-1,1,1,1,1,0,0,1,1,1,2,1,0,2,1,0,6,1,0
Kamaldeen Sulemana,Midfielder,Southampton,5.0,0,0,0,0,0,0,0,1,1,0,0,0,1,1,1,1,0,1,1,1,2,1,0,4,9,2,2,2,2,3,5,3,2,1,0,3,1,2
Adam Lallana,Midfielder,Southampton,5.0,0,0,4,1,4,0,0,0,0,1,1,0,0,0,0,0,0,1,1,1,0,0,1,1,0,0,0,1,0,0,0,0,0,0,0,0,0,0
Juan Larios López,Defender,Southampton,3.9,0,0,0,0,0,0,0,0,0,0,0,0,0,0,0,0,0,0,0,0,0,0,0,0,0,0,0,0,0,0,0,0,0,0,0,0,0,0
Mateusz Lis,Goalkeeper,Southampton,4.0,0,0,0,0,0,0,0,0,0,0,0,0,0,0,0,0,0,0,0,0,0,0,0,0,0,0,0,0,0,0,0,0,0,0,0,0,0,0
Joe Lumley,Goalkeeper,Southampton,4.0,0,0,0,0,0,0,0,0,0,0,0,0,3,2,3,0,0,0,0,0,0,0,0,0,0,0,0,0,0,0,0,0,0,0,0,0,0,0
Ryan Manning,Defender,Southampton,4.3,0,0,0,0,0,0,1,3,2,1,1,0,2,0,2,0,0,1,1,0,0,1,0,0,1,0,0,1,1,6,1,1,2,4,1,1,0,0
Sékou Mara,Forward,Southampton,5.0,0,0,0,0,0,0,0,0,0,0,0,0,0,0,0,0,0,0,0,0,0,0,0,0,0,0,0,0,0,0,0,0,0,0,0,0,0,0
Alex McCarthy,Goalkeeper,Southampton,4.2,2,4,0,0,0,0,0,0,0,0,0,3,0,0,0,1,0,0,0,0,0,0,2,0,0,0,0,0,0,0,0,0,0,0,0,0,0,0
Paul Onuachu,Forward,Southampton,4.9,0,0,0,0,0,0,1,1,1,0,1,1,0,0,0,0,1,2,2,1,1,5,2,7,5,1,0,0,7,7,1,1,1,0,1,0,0,1
Will Smallbone,Midfielder,Southampton,5.0,2,2,1,0,0,0,0,1,0,0,0,0,0,0,0,0,0,0,0,0,1,1,1,1,0,1,2,7,0,0,1,1,0,0,1,1,1,1
Jack Stephens,Defender,Southampton,4.0,1,2,1,-2,0,0,0,0,2,6,0,0,4,-4,0,0,0,0,0,0,0,0,0,1,0,0,0,0,1,2,0,1,2,7,0,6,1,0
Ross Stewart,Forward,Southampton,4.4,0,0,0,1,0,1,1,0,0,0,0,0,0,0,0,0,0,0,0,0,0,0,0,0,0,0,0,0,0,0,1,1,1,2,1,1,1,9
Sugawara Yukinari,Defender,Southampton,4.2,1,2,7,1,2,0,1,5,0,4,1,1,2,0,0,1,5,2,0,-1,1,0,1,0,1,0,0,1,1,1,1,1,0,0,0,0,0,1
Charlie Taylor,Defender,Southampton,3.9,0,1,0,0,1,1,1,1,0,0,0,0,0,1,0,0,0,0,0,-1,0,0,0,0,0,0,0,0,0,0,0,0,0,0,0,0,0,1
Kyle Walker-Peters,Defender,Southampton,4.2,2,2,1,1,0,0,0,4,2,9,0,1,1,3,2,0,6,2,1,-1,1,0,1,2,1,0,0,1,1,2,1,1,5,1,1,0,0,0
Nathan Wood-Gordon,Defender,Southampton,3.9,0,0,0,0,0,0,0,0,0,0,0,0,0,0,1,1,8,1,1,1,0,0,0,0,0,0,0,0,0,0,0,0,0,0,0,0,0,1
Maxwel Cornet,Midfielder,Southampton,4.7,0,0,0,0,0,1,0,0,0,0,0,0,0,0,0,0,0,0,0,0,0,0,0,0,0,0,0,0,0,0,0,0,0,0,0,0,0,0
Flynn Downes,Midfielder,Southampton,4.7,2,1,2,2,1,1,2,2,1,3,0,2,6,0,1,2,2,2,0,0,0,0,0,0,0,0,2,0,1,2,0,0,2,2,2,2,1,2
Ben Brereton Díaz,Midfielder,Southampton,4.8,1,2,2,2,1,1,0,0,0,0,1,0,1,1,1,0,0,0,0,0,0,0,0,0,0,0,0,0,0,0,0,0,0,0,0,0,0,0
Tyler Dibling,Midfielder,Southampton,4.3,1,1,1,2,11,1,1,1,1,0,1,2,1,0,2,2,1,1,8,2,5,0,0,0,1,2,1,2,5,1,2,1,1,1,1,3,2,0
Mateus Gonçalo Espanha Fernandes,Midfielder,Southampton,5.0,0,1,1,2,3,1,5,1,2,2,2,7,2,2,2,1,3,2,1,0,2,7,1,2,2,2,2,2,1,8,9,1,2,2,1,3,2,6
Joseph O'Brien-Whitmarsh,Midfielder,Southampton,4.5,0,0,0,0,0,0,0,0,0,0,0,0,0,0,0,0,0,0,0,0,0,0,0,0,0,0,0,0,0,0,0,0,0,0,0,0,0,0
Welington Damascena Santos,Defender,Southampton,4.0,0,0,0,0,0,0,0,0,0,0,0,0,0,0,0,0,0,0,0,0,0,0,0,1,0,1,1,0,0,1,1,0,1,0,0,6,1,1
Joachim Kayi-Sanda,Defender,Southampton,4.0,0,0,0,0,0,0,0,0,0,0,0,0,0,0,0,0,0,0,0,0,0,0,0,0,0,0,0,0,0,0,0,0,0,0,0,0,1,1
Albert Grønbæk,Midfielder,Southampton,4.9,0,0,0,0,0,0,0,0,0,0,0,0,0,0,0,0,0,0,0,0,0,0,0,2,0,1,0,2,1,0,0,0,0,0,0,0,0,0
Simon Rusk,Manager,Southampton,0.5,0,0,0,0,0,0,0,0,0,0,0,0,0,0,0,0,0,0,0,0,0,0,1,8,1,0,0,1,1,9,1,0,4,1,0,10,0,1
Jay Robinson,Forward,Southampton,4.4,0,0,0,0,0,0,0,0,0,0,0,0,0,0,0,0,0,0,0,0,0,0,0,0,0,0,0,0,0,0,0,1,0,0,1,0,1,2
Jayden Moore,Defender,Southampton,4.0,0,0,0,0,0,0,0,0,0,0,0,0,0,0,0,0,0,0,0,0,0,0,0,0,0,0,0,0,0,0,0,0,0,0,0,0,0,0
Dominic Solanke-Mitchell,Forward,Spurs,7.3,2,0,0,2,6,6,5,2,2,16,2,5,0,2,6,5,9,2,2,9,0,0,0,0,0,0,0,2,2,2,2,2,1,6,0,0,1,7
Ashley Phillips,Defender,Spurs,4.0,0,0,0,0,0,0,0,0,0,0,0,0,0,0,0,0,0,0,0,0,0,0,0,0,0,0,0,0,0,0,0,0,0,0,0,0,0,0
Brandon Austin,Goalkeeper,Spurs,4.0,0,0,0,0,0,0,0,0,0,0,0,0,0,0,0,0,0,0,0,1,0,0,0,0,0,0,0,0,0,0,0,0,0,0,0,0,0,0
Rodrigo Bentancur,Midfielder,Spurs,4.9,1,0,0,1,2,3,2,1,1,1,7,0,0,0,0,0,0,2,6,0,0,0,2,3,3,2,1,1,2,2,1,1,2,0,0,0,1,1
Lucas Bergvall,Midfielder,Spurs,4.4,1,1,1,0,1,1,0,0,0,0,0,1,1,1,1,2,0,1,0,2,2,1,2,1,6,2,2,4,1,2,3,1,1,2,0,0,0,0
Yves Bissouma,Midfielder,Spurs,4.8,0,9,1,0,0,0,1,10,2,1,1,2,2,1,1,0,2,1,2,1,1,0,0,3,1,1,0,0,1,0,1,0,0,0,2,1,1,1
Bryan Gil Salvatierra,Midfielder,Spurs,5.0,0,0,0,0,0,0,0,0,0,0,0,0,0,0,0,0,0,0,0,0,0,0,0,0,0,0,0,0,0,0,0,0,0,0,0,0,0,0
Ben Davies,Defender,Spurs,4.3,0,0,0,0,0,0,0,0,0,1,0,6,2,1,0,0,0,0,0,0,0,1,1,6,5,0,0,0,1,0,2,-1,1,0,1,1,1,-1
Alfie Devine,Midfielder,Spurs,4.5,0,0,0,0,0,0,0,0,0,0,0,0,0,0,0,0,0,0,0,0,0,0,0,0,0,0,0,0,0,0,0,0,0,0,0,0,0,0
Radu Drăgușin,Defender,Spurs,4.3,0,0,1,0,0,1,0,0,0,2,1,6,2,2,0,6,-1,1,1,0,1,0,1,0,0,0,0,0,0,0,0,0,0,0,0,0,0,0
Emerson Leite de Souza Junior,Defender,Spurs,4.5,0,0,0,0,0,0,0,0,0,0,0,0,0,0,0,0,0,0,0,0,0,0,0,0,0,0,0,0,0,0,0,0,0,0,0,0,0,0
Fraser Forster,Goalkeeper,Spurs,4.3,0,0,0,0,0,0,0,0,0,0,0,0,3,4,1,7,1,2,1,0,0,0,0,0,0,0,0,0,0,0,0,0,0,0,0,0,0,0
Archie Gray,Midfielder,Spurs,4.6,1,1,0,0,1,0,0,1,0,1,0,0,1,2,1,3,2,2,2,2,2,0,2,3,1,2,2,0,2,0,1,2,0,1,2,2,1,2
Pierre-Emile Højbjerg,Midfielder,Spurs,5.0,0,0,0,0,0,0,0,0,0,0,0,0,0,0,0,0,0,0,0,0,0,0,0,0,0,0,0,0,0,0,0,0,0,0,0,0,0,0
Brennan Johnson,Midfielder,Spurs,6.2,2,3,4,2,7,11,7,2,1,8,2,6,10,2,4,0,4,2,9,2,1,0,0,0,1,14,2,1,1,0,18,5,1,2,0,0,1,2
Dejan Kulusevski,Midfielder,Spurs,6.2,1,6,2,1,2,11,1,9,1,5,2,6,1,2,7,8,7,2,5,2,2,9,2,3,3,9,1,0,0,0,0,1,2,1,2,1,0,0
Giovani Lo Celso,Midfielder,Spurs,4.9,0,0,0,0,0,0,0,0,0,0,0,0,0,0,0,0,0,0,0,0,0,0,0,0,0,0,0,0,0,0,0,0,0,0,0,0,0,0
James Maddison,Midfielder,Spurs,7.4,5,6,1,2,12,3,10,4,2,6,1,16,2,2,4,15,6,0,1,1,1,2,0,0,10,4,1,0,1,2,7,2,0,4,0,0,0,0
Pedro Porro,Defender,Spurs,5.2,9,6,1,2,2,5,1,2,2,1,4,14,2,1,3,6,-1,1,4,4,1,1,6,6,6,1,2,1,0,0,1,0,5,0,0,0,0,-1
Sergio Reguilón,Defender,Spurs,4.1,0,0,0,0,0,0,0,0,0,0,0,0,0,0,0,0,0,0,1,0,0,0,0,0,0,0,0,0,0,0,0,0,0,0,0,0,1,0
Richarlison de Andrade,Forward,Spurs,6.8,1,1,0,0,0,0,0,1,0,4,0,0,0,0,0,0,0,0,0,0,1,5,5,2,0,0,0,0,0,0,0,5,6,0,2,0,1,1
Cristian Romero,Defender,Spurs,4.9,2,14,1,2,2,6,1,2,2,1,1,0,0,0,1,0,0,0,0,0,0,0,0,0,0,0,0,2,7,1,2,3,-1,0,0,0,0,0
Pape Matar Sarr,Midfielder,Spurs,4.7,2,1,0,1,1,4,1,4,1,2,2,2,2,1,1,9,1,2,1,2,0,2,1,6,1,0,0,10,0,0,1,1,2,1,2,2,1,1
Dane Scarlett,Forward,Spurs,4.4,0,0,0,0,0,0,0,0,0,0,0,0,0,0,0,0,0,0,0,0,0,0,0,1,0,4,0,0,1,0,0,0,0,0,0,0,0,0
Manor Solomon,Midfielder,Spurs,5.4,0,0,0,0,0,0,0,0,0,0,0,0,0,0,0,0,0,0,0,0,0,0,0,0,0,0,0,0,0,0,0,0,0,0,0,0,0,0
Son Heung-min,Midfielder,Spurs,9.7,2,16,3,2,10,0,0,8,0,4,2,6,2,1,7,14,2,2,0,1,8,2,2,10,3,8,1,6,1,2,1,0,0,0,0,1,2,0
Djed Spence,Defender,Spurs,4.4,1,1,0,0,0,0,0,0,0,0,0,1,0,0,0,9,-1,-1,0,1,1,1,0,9,9,8,1,1,1,1,5,-2,1,0,2,1,1,0
Destiny Udogie,Defender,Spurs,4.8,2,6,1,1,2,1,0,5,2,2,1,6,2,2,0,1,0,2,1,0,0,0,0,0,0,2,2,1,1,2,0,0,0,-2,0,0,0,0
Micky van de Ven,Defender,Spurs,4.5,2,9,0,1,1,11,1,1,1,0,0,0,0,0,1,0,0,0,0,0,0,0,0,0,0,0,0,1,0,2,0,0,0,0,0,0,0,1
Alejo Véliz,Forward,Spurs,5.0,0,0,0,0,0,0,0,0,0,0,0,0,0,0,0,0,0,0,0,0,0,0,0,0,0,0,0,0,0,0,0,0,0,0,0,0,0,0
Guglielmo Vicario,Goalkeeper,Spurs,4.8,2,6,1,2,3,6,1,2,3,2,1,8,0,0,0,0,0,0,0,0,0,0,0,0,9,3,3,3,1,3,3,0,1,0,2,0,0,1
Timo Werner,Midfielder,Spurs,6.2,1,0,1,1,0,3,5,1,1,0,1,4,7,1,1,1,1,1,1,2,0,0,0,0,0,0,1,0,0,0,0,0,0,0,0,0,0,0
Alfie Whiteman,Goalkeeper,Spurs,3.9,0,0,0,0,0,0,0,0,0,0,0,0,0,0,0,0,0,0,0,0,0,0,0,0,0,0,0,0,0,0,0,0,0,0,0,0,0,0
Will Lankshear,Forward,Spurs,4.5,0,0,0,0,0,0,0,0,0,0,0,0,1,0,0,1,0,0,0,0,0,0,1,0,0,0,0,0,0,0,0,0,0,0,0,0,0,0
Mikey Moore,Midfielder,Spurs,4.5,0,0,0,0,1,1,1,0,2,0,0,0,0,0,0,0,0,0,0,0,0,7,1,1,0,0,0,0,0,0,0,0,0,0,1,2,2,0
Wilson Odobert,Midfielder,Spurs,5.3,0,3,2,1,0,0,0,0,0,0,0,0,0,0,0,0,0,0,0,0,0,0,0,0,1,1,2,2,1,2,1,0,2,1,10,2,2,1
Callum Olusesi,Midfielder,Spurs,4.5,0,0,0,0,0,0,0,0,0,0,0,0,0,0,0,0,0,0,0,0,0,0,0,0,0,0,0,0,0,0,0,0,0,0,0,0,0,0
Malachi Hardy,Defender,Spurs,4.0,0,0,0,0,0,0,0,0,0,0,0,0,0,0,0,0,0,0,0,0,0,0,0,0,0,0,0,0,0,0,0,0,0,0,0,0,0,0
Luca Williams-Barnett,Midfielder,Spurs,4.5,0,0,0,0,0,0,0,0,0,0,0,0,0,0,0,0,0,0,0,0,0,0,0,0,0,0,0,0,0,0,0,0,0,0,0,0,0,0
Alfie Dorrington,Defender,Spurs,4.0,0,0,0,0,0,0,0,0,0,0,0,0,0,0,0,1,0,0,0,0,0,0,0,0,0,0,0,0,0,0,0,0,0,0,0,0,0,0
Maeson King,Defender,Spurs,4.0,0,0,0,0,0,0,0,0,0,0,0,0,0,0,0,0,0,0,0,0,0,0,0,0,0,0,0,0,0,0,0,0,0,0,0,0,0,0
Antonín Kinsky,Goalkeeper,Spurs,4.1,0,0,0,0,0,0,0,0,0,0,0,0,0,0,0,0,0,0,0,0,2,2,1,7,0,0,0,0,0,0,0,0,0,0,0,3,2,0
Min-Hyeok Yang,Midfielder,Spurs,4.5,0,0,0,0,0,0,0,0,0,0,0,0,0,0,0,0,0,0,0,0,0,0,0,0,0,0,0,0,0,0,0,0,0,0,0,0,0,0
Damola Ajayi,Midfielder,Spurs,4.5,0,0,0,0,0,0,0,0,0,0,0,0,0,0,0,0,0,0,0,0,0,0,0,0,0,0,0,0,0,0,0,0,0,0,0,0,0,0
Ange Postecoglou,Manager,Spurs,1.1,0,0,0,0,0,0,0,0,0,0,0,0,0,0,0,0,0,0,0,0,0,0,1,10,9,10,0,10,0,0,9,2,1,1,4,0,0,1
Dante Cassanova,Defender,Spurs,4.0,0,0,0,0,0,0,0,0,0,0,0,0,0,0,0,0,0,0,0,0,0,0,0,0,0,0,0,0,0,0,0,0,0,0,0,0,0,0
Kevin Danso,Defender,Spurs,4.4,0,0,0,0,0,0,0,0,0,0,0,0,0,0,0,0,0,0,0,0,0,0,0,0,6,2,2,1,0,0,0,0,1,0,2,1,1,0
Mathys Tel,Midfielder,Spurs,5.8,0,0,0,0,0,0,0,0,0,0,0,0,0,0,0,0,0,0,0,0,0,0,0,0,3,2,2,0,3,1,6,9,2,2,4,2,1,5
Evan Ferguson,Forward,West Ham,5.5,0,0,0,1,1,1,0,1,7,1,0,1,1,1,2,1,1,0,0,0,0,0,0,1,1,1,1,1,1,1,0,0,1,0,1,0,0,0
Aaron Wan-Bissaka,Defender,West Ham,4.5,0,1,1,2,1,2,2,0,2,1,6,15,6,1,2,5,2,9,0,0,3,1,2,-1,2,12,7,2,2,2,1,1,0,1,7,12,1,5
Edson Álvarez Velázquez,Midfielder,West Ham,5.0,0,1,2,1,0,0,1,1,2,-2,0,0,1,1,2,2,2,1,1,2,2,1,4,0,2,3,3,2,0,1,1,0,0,0,0,1,0,2
Michail Antonio,Forward,West Ham,5.2,2,2,2,1,0,5,18,2,2,1,2,2,2,1,0,0,0,0,0,0,0,0,0,0,0,0,0,0,0,0,0,0,0,0,0,0,0,0
Alphonse Areola,Goalkeeper,West Ham,4.2,1,6,1,3,1,2,2,-1,0,0,0,0,0,0,0,0,0,1,2,1,0,0,3,2,3,6,6,3,3,2,2,2,3,3,2,8,2,0
Jarrod Bowen,Midfielder,West Ham,7.9,2,8,5,5,2,2,12,2,7,2,3,7,2,2,12,2,6,8,1,0,0,0,0,10,2,10,6,2,5,2,7,2,9,10,9,8,8,13
Vladimír Coufal,Defender,West Ham,4.1,1,6,1,1,0,0,0,0,0,0,0,1,1,0,0,2,1,1,0,-2,0,0,3,2,0,0,0,0,0,0,0,0,1,0,1,6,0,1
Aaron Cresswell,Defender,West Ham,3.9,0,1,0,0,1,0,1,0,0,0,0,0,0,0,1,0,0,1,0,0,1,1,1,1,0,6,9,2,0,1,0,0,0,0,2,5,1,1
George Earthy,Midfielder,West Ham,4.5,0,0,0,0,0,0,0,0,0,0,0,0,0,0,0,0,0,0,0,0,0,0,0,0,0,0,0,0,0,0,0,0,0,0,0,0,0,0
Emerson Palmieri dos Santos,Defender,West Ham,4.4,1,6,0,1,1,0,2,0,1,1,6,9,5,1,1,0,2,6,0,0,1,1,10,2,1,0,1,0,2,1,1,0,8,2,2,1,0,0
Łukasz Fabiański,Goalkeeper,West Ham,3.9,0,0,1,0,0,0,0,0,3,2,9,6,-1,2,2,4,3,2,0,0,1,2,0,0,0,0,0,0,0,0,0,0,0,0,0,0,0,3
Wes Foderingham,Goalkeeper,West Ham,4.2,0,0,0,0,0,0,0,0,0,0,0,0,0,0,0,0,0,0,0,0,0,0,0,0,0,0,0,0,0,0,0,0,0,0,0,0,0,0
Danny Ings,Forward,West Ham,4.8,1,0,0,8,0,1,0,0,8,0,1,1,1,1,1,0,0,0,0,1,4,1,1,1,0,0,0,1,0,0,0,0,0,0,0,0,0,0
Max Kilman,Defender,West Ham,4.3,1,12,0,2,0,1,2,0,2,1,6,6,0,1,2,2,2,1,0,0,1,1,2,1,2,8,6,2,2,2,1,1,1,1,2,6,1,1
Mohammed Kudus,Midfielder,West Ham,6.2,2,3,2,2,2,1,7,4,0,0,0,0,0,2,7,3,9,3,2,2,2,2,2,2,2,3,6,2,2,0,4,2,3,7,1,6,2,7
Luis Guilherme Lira dos Santos,Midfielder,West Ham,4.6,0,0,0,0,0,0,1,0,0,0,1,0,0,0,0,0,0,0,1,1,0,1,0,1,1,0,0,0,0,1,1,1,1,0,0,0,1,0
Lucas Tolentino Coelho de Lima,Midfielder,West Ham,5.7,6,3,2,1,2,2,8,1,0,1,3,3,5,1,1,10,1,0,2,2,7,1,2,0,2,0,0,1,2,2,2,1,2,2,1,0,0,1
Konstantinos Mavropanos,Defender,West Ham,4.3,1,8,1,2,1,1,0,1,0,1,0,1,0,1,2,2,0,8,0,0,1,-2,0,1,2,1,1,1,2,1,1,1,1,0,1,1,0,2
Nayef Aguerd,Defender,West Ham,4.4,0,0,0,0,0,0,0,0,0,0,0,0,0,0,0,0,0,0,0,0,0,0,0,0,0,0,0,0,0,0,0,0,0,0,0,0,0,0
Tomáš Souček,Midfielder,West Ham,4.8,5,8,1,1,0,10,2,1,1,0,3,10,1,2,9,2,2,2,0,5,6,2,1,2,0,3,10,2,10,1,1,0,1,7,2,10,1,2
James Ward-Prowse,Midfielder,West Ham,6.1,1,0,0,3,1,2,-1,0,0,0,1,2,0,0,0,0,0,1,1,4,0,0,0,0,1,2,3,2,2,2,4,2,3,1,1,3,1,9
Kurt Zouma,Defender,West Ham,4.4,0,0,0,0,0,0,0,0,0,0,0,0,0,0,0,0,0,0,0,0,0,0,0,0,0,0,0,0,0,0,0,0,0,0,0,0,0,0
Andy Irving,Midfielder,West Ham,4.7,0,0,0,0,1,0,0,0,0,1,0,1,1,0,0,0,0,0,1,0,1,0,1,1,0,0,1,0,0,0,0,0,0,0,0,0,0,0
Crysencio Summerville,Midfielder,West Ham,5.5,1,0,1,1,1,1,1,1,7,1,3,3,0,4,2,1,1,1,1,2,0,0,0,0,0,0,0,0,0,0,0,0,0,0,0,0,0,0
Guido Rodríguez,Midfielder,West Ham,4.8,2,3,1,1,1,2,2,2,2,0,3,1,1,0,0,0,1,2,0,0,2,1,1,0,0,0,0,0,1,0,0,0,0,0,0,3,0,4
Niclas Füllkrug,Forward,West Ham,6.7,1,1,1,0,0,0,0,0,0,0,0,0,0,6,0,1,1,5,1,5,0,0,0,0,0,0,0,0,0,0,7,1,5,1,2,1,1,2
Jean-Clair Todibo,Defender,West Ham,4.2,1,1,0,0,0,2,2,0,1,1,6,1,0,0,1,0,1,7,0,0,0,0,0,0,0,5,6,2,1,0,1,2,2,1,2,6,0,2
Kaelan Casey,Defender,West Ham,4.0,0,0,0,0,0,0,0,0,0,0,0,0,0,0,0,1,0,0,0,0,0,0,0,0,0,0,0,0,0,0,0,0,0,0,0,0,0,0
Carlos Soler,Midfielder,West Ham,5.0,0,0,0,0,0,1,1,0,1,1,1,3,5,2,2,0,0,1,2,0,9,1,2,2,1,1,1,1,1,1,1,2,2,0,1,1,0,0
Ollie Scarles,Defender,West Ham,4.0,0,0,0,0,0,0,0,0,0,0,0,0,0,0,0,1,1,0,0,0,1,1,1,1,1,7,6,2,0,2,1,1,1,0,0,0,0,2
Ezra Mayers,Defender,West Ham,4.0,0,0,0,0,0,0,0,0,0,0,0,0,0,0,0,0,0,0,0,0,0,0,0,0,0,0,0,0,0,0,0,0,0,0,0,0,0,0
Lewis Orford,Midfielder,West Ham,4.5,0,0,0,0,0,0,0,0,0,0,0,0,0,0,0,0,0,0,0,0,0,1,0,1,0,0,0,0,0,0,0,0,0,0,0,0,0,0
Graham Potter,Manager,West Ham,0.5,0,0,0,0,0,0,0,0,0,0,0,0,0,0,0,0,0,0,0,0,0,0,9,1,0,19,10,0,4,0,10,1,4,2,4,10,1,9
Sam Johnstone,Goalkeeper,Wolves,4.1,0,0,3,2,1,2,2,0,0,0,0,0,0,0,1,1,0,0,0,0,0,0,0,0,0,0,0,0,0,0,0,0,0,0,0,0,0,0
Rayan Aït-Nouri,Defender,Wolves,5.1,1,2,1,0,0,9,9,1,6,1,6,2,0,0,4,-2,0,6,10,1,1,1,2,7,1,6,1,2,2,8,2,14,5,11,2,1,0,2
Boubacar Traoré,Midfielder,Wolves,4.8,0,0,0,0,0,0,0,0,0,0,0,0,0,0,0,0,0,0,0,0,0,0,0,0,0,0,0,0,0,1,0,0,0,0,0,0,0,0
Jean-Ricner Bellegarde,Midfielder,Wolves,4.9,1,2,6,3,3,1,4,1,0,1,0,2,5,0,1,2,1,1,0,1,1,1,1,11,4,3,2,5,11,3,2,1,0,1,2,1,5,1
Daniel Bentley,Goalkeeper,Wolves,3.9,0,0,0,0,0,0,0,0,0,0,0,0,0,0,0,0,0,0,0,0,0,0,0,0,0,0,0,0,0,0,0,0,7,0,0,0,2,0
Francisco Jorge Tomás Oliveira,Midfielder,Wolves,4.5,1,0,0,0,0,0,0,0,0,0,0,0,0,0,0,0,0,0,0,0,0,0,0,0,0,0,0,0,0,0,0,0,0,0,0,0,0,0
Tawanda Chirewa,Midfielder,Wolves,4.5,0,0,0,0,0,0,0,0,0,0,0,0,0,0,0,0,0,0,0,0,0,0,0,0,0,0,0,0,0,0,0,0,0,0,0,0,0,0
Leon Chiwome,Forward,Wolves,4.4,0,0,0,0,0,0,0,0,0,0,0,0,0,0,0,0,0,0,0,0,0,0,0,0,0,0,0,0,0,0,0,0,0,0,0,0,0,0
Luke Cundle,Midfielder,Wolves,4.5,0,0,0,0,0,0,0,0,0,0,0,0,0,0,0,0,0,0,0,0,0,0,0,0,0,0,0,0,0,0,0,0,0,0,0,0,0,0
Matheus Santos Carneiro Da Cunha,Forward,Wolves,7.0,1,6,2,2,8,2,9,2,9,6,12,16,2,2,1,9,9,12,1,0,1,2,2,7,9,9,2,0,0,0,0,7,8,15,2,0,1,2
Craig Dawson,Defender,Wolves,4.2,1,1,2,1,1,0,-1,1,4,1,7,0,0,-4,0,0,1,1,1,0,0,0,0,0,0,0,0,0,0,0,0,0,0,0,0,0,0,0
Matt Doherty,Defender,Wolves,4.3,1,-1,1,1,0,0,0,0,0,0,1,1,0,0,6,0,10,6,1,1,0,7,2,6,0,5,1,2,2,7,2,1,1,6,2,1,0,2
Tommy Doyle,Midfielder,Wolves,4.7,0,1,1,1,1,1,0,1,5,2,0,1,0,1,1,1,1,1,1,0,1,0,1,1,1,1,1,1,1,0,0,0,0,0,0,0,0,0
Fábio Silva,Forward,Wolves,5.0,0,0,0,0,0,0,0,0,0,0,0,0,0,0,0,0,0,0,0,0,0,0,0,0,0,0,0,0,0,0,0,0,0,0,0,0,0,0
Nathan Fraser,Forward,Wolves,4.5,0,0,0,0,0,0,0,0,0,0,0,0,0,0,0,0,0,0,0,0,0,0,0,0,0,0,0,0,0,0,0,0,0,0,0,0,0,0
Enso González,Midfielder,Wolves,4.4,0,0,0,0,0,0,0,0,0,0,0,0,0,0,0,0,0,0,0,0,0,0,0,0,0,0,0,0,0,0,0,0,0,0,0,0,0,0
Gonçalo Manuel Ganchinho Guedes,Midfielder,Wolves,5.3,0,0,1,1,1,0,1,1,1,3,1,6,4,1,1,4,13,3,1,2,2,1,1,3,1,0,0,1,1,0,0,0,0,1,1,1,2,2
Hugo Bueno López,Defender,Wolves,4.5,0,0,0,0,0,0,0,0,0,0,0,0,0,0,0,0,0,0,0,0,0,0,0,0,0,0,0,0,0,0,0,0,0,0,0,0,0,0
Hwang Hee-chan,Midfielder,Wolves,6.1,2,1,1,1,0,1,1,0,0,0,0,1,1,1,0,1,1,6,7,2,1,0,1,4,0,0,0,1,0,0,0,1,0,0,1,0,1,0
Joe Hodge,Midfielder,Wolves,4.5,0,0,0,0,0,0,0,0,0,0,0,0,0,0,0,0,0,0,0,0,0,0,0,0,0,0,0,0,0,0,0,0,0,0,0,0,0,0
Ki-Jana Hoever,Defender,Wolves,4.0,0,0,0,0,0,0,0,0,0,0,0,0,0,0,0,0,0,0,0,0,0,0,0,0,0,0,0,0,0,0,0,0,0,0,0,0,0,0
João Victor Gomes da Silva,Midfielder,Wolves,4.9,1,2,0,2,1,2,2,1,2,10,3,12,2,2,1,0,3,2,2,2,2,4,-1,0,2,0,7,2,2,2,2,2,3,3,2,1,1,1
José Malheiro de Sá,Goalkeeper,Wolves,4.4,2,-1,0,0,0,0,0,2,2,2,6,2,0,0,0,0,7,8,6,1,1,2,2,7,1,9,2,3,2,5,2,1,0,12,2,1,0,4
Saša Kalajdžić,Forward,Wolves,4.8,0,0,0,0,0,0,0,0,0,0,0,0,0,0,0,0,0,0,0,0,0,0,0,0,0,0,0,0,0,0,0,0,0,0,0,0,0,0
Tom King,Goalkeeper,Wolves,3.9,0,0,0,0,0,0,0,0,0,0,0,0,0,0,0,0,0,0,0,0,0,0,0,0,0,0,0,0,0,0,0,0,0,0,0,0,0,1
Mario Lemina,Midfielder,Wolves,4.8,2,2,5,10,1,2,2,2,1,1,6,6,1,2,1,2,0,0,0,1,0,0,0,0,0,0,0,0,0,0,0,0,0,0,0,0,0,0
Yerson Mosquera,Defender,Wolves,3.8,1,-2,2,1,1,0,0,0,0,0,0,0,0,0,0,0,0,0,0,0,0,0,0,0,0,0,0,0,0,0,0,0,0,0,0,0,0,0
Nélson Cabral Semedo,Defender,Wolves,4.5,0,0,2,1,0,1,2,3,1,1,6,2,-1,0,1,1,9,6,0,0,1,0,2,6,1,6,4,2,2,6,2,1,6,6,2,1,0,1
Pedro Cardoso de Lima,Defender,Wolves,3.9,0,0,0,0,0,0,0,0,0,0,0,0,0,0,0,0,0,0,0,0,0,0,0,0,1,1,0,0,0,0,0,0,0,0,0,0,0,0
Daniel Castelo Podence,Midfielder,Wolves,5.5,1,1,0,0,0,0,0,0,0,0,0,0,0,0,0,0,0,0,0,0,0,0,0,0,0,0,0,0,0,0,0,0,0,0,0,0,0,0
Rodrigo Martins Gomes,Midfielder,Wolves,5.1,2,1,0,0,1,0,0,0,1,0,1,2,1,1,1,0,8,1,1,2,2,1,1,1,0,0,0,0,0,0,1,1,1,6,1,1,2,1
Santiago Bueno,Defender,Wolves,4.3,0,0,0,0,0,1,0,1,1,1,6,0,0,0,1,1,6,6,1,1,1,1,2,1,1,7,0,1,1,1,1,0,6,1,1,0,0,1
Pablo Sarabia,Midfielder,Wolves,5.0,1,1,0,0,0,0,0,-1,1,2,6,0,0,0,0,0,0,0,0,1,1,2,2,5,1,1,1,1,1,1,12,1,5,1,1,1,2,0
Jørgen Strand Larsen,Forward,Wolves,5.2,2,6,2,5,2,2,6,9,1,8,2,5,11,2,2,2,2,2,6,2,2,2,1,0,0,1,1,1,13,9,6,6,2,6,0,1,11,4
Toti António Gomes,Defender,Wolves,4.3,0,2,1,0,0,1,0,0,0,2,8,2,1,1,1,1,6,8,0,0,0,0,0,7,1,6,1,2,2,6,2,0,9,5,2,1,-1,2
Bastien Meupiyou,Defender,Wolves,3.9,0,0,0,0,0,0,0,0,0,0,0,0,0,0,0,0,0,0,0,0,0,0,0,0,0,0,0,0,0,0,0,0,0,0,0,0,0,0
André Trindade da Costa Neto,Midfielder,Wolves,5.0,0,0,1,1,2,1,1,1,1,0,0,2,2,2,2,1,3,3,2,0,2,1,2,3,2,3,2,2,2,2,1,2,2,3,2,2,1,2
Carlos Roberto Forbs Borges,Midfielder,Wolves,5.4,0,0,0,1,0,0,1,1,1,0,0,0,1,0,0,0,1,0,1,1,0,0,0,0,0,0,0,0,0,0,0,0,0,1,0,0,0,0
Alfie Pond,Defender,Wolves,3.9,0,0,0,0,0,0,0,0,0,0,0,1,0,0,0,0,0,0,0,0,0,0,0,0,0,0,0,0,0,0,0,0,0,0,0,0,0,0
Tom Edozie,Midfielder,Wolves,4.5,0,0,0,0,0,0,0,0,0,0,0,0,0,0,0,0,0,0,0,0,0,0,0,0,0,0,0,0,0,0,0,0,0,0,0,0,0,0
Wes Okoduwa,Defender,Wolves,4.0,0,0,0,0,0,0,0,0,0,0,0,0,0,0,0,0,0,0,0,0,0,0,0,0,0,0,0,0,0,0,0,0,0,0,0,0,0,0
Emmanuel Agbadou,Defender,Wolves,4.0,0,0,0,0,0,0,0,0,0,0,0,0,0,0,0,0,0,0,0,0,0,1,2,6,0,0,0,2,2,6,2,1,7,6,2,1,5,2
Vítor Manuel de Oliveira Lopes Pereira,Manager,Wolves,0.8,0,0,0,0,0,0,0,0,0,0,0,0,0,0,0,0,0,0,0,0,0,0,0,20,1,19,1,4,8,9,8,10,9,11,0,0,2,9
Nasser Djiga,Defender,Wolves,4.5,0,0,0,0,0,0,0,0,0,0,0,0,0,0,0,0,0,0,0,0,0,0,0,0,0,1,0,0,1,0,1,0,1,0,0,0,0,0
Marshall Munetsi,Midfielder,Wolves,5.0,0,0,0,0,0,0,0,0,0,0,0,0,0,0,0,0,0,0,0,0,0,0,0,0,1,6,2,8,3,3,2,5,3,3,2,2,1,9
Mateus Mané,Forward,Wolves,4.5,0,0,0,0,0,0,0,0,0,0,0,0,0,0,0,0,0,0,0,0,0,0,0,0,0,0,0,0,0,0,0,0,0,0,0,1,0,0
